rep_id,first_name,last_name,rep_name,site,queue_name,department,job_role,can_transfer_departments,tenure_months,months_on_job,tenure_band,primary_skill_tag,secondary_skill_tag,primary_skill_label,secondary_skill_label,strengths,weaknesses,strain_tier,pressure_index_baseline,experiment_condition,qa_score,fcr_30d,repeat_contact_rate,aht_secs,csat_proxy,transfer_rate,escalation_rate,productivity_index,burnout_index,resilience_index,volatility_index,compliance_risk,gaming_propensity,misinformation_risk
REP00001,Sarah,Chang,Sarah Chang,NovaWireless,General Support,Call Center,Customer Service Representative,False,34,34,senior,billing_resolution,fraud_unwanted_calls,billing_support,fraud_unwanted_calls,billing_resolution|fraud_unwanted_calls|generalist,none_flagged,medium,0.1359,goodhart_baseline,0.6694,0.783,0.2428,510.28,0.6605,0.0828,0.1025,0.7785,0.4105,0.9643,0.2499,0.3761,0.4258,0.1277
REP00002,Jacob,Butler,Jacob Butler,NovaWireless,General Support,Call Center,Customer Service Representative,False,35,35,senior,fraud_unwanted_calls,general_support,fraud_unwanted_calls,general_support,fraud_unwanted_calls|general_support|generalist,none_flagged,medium,0.1359,goodhart_baseline,0.7095,0.7818,0.1914,521.69,0.701,0.0616,0.0565,0.7206,0.4703,0.8398,0.5673,0.3946,0.3592,0.1563
REP00003,Gabriella,Lee,Gabriella Lee,NovaWireless,General Support,Call Center,Customer Service Representative,False,39,39,senior,billing_resolution,fraud_unwanted_calls,billing_support,fraud_unwanted_calls,billing_resolution|fraud_unwanted_calls|generalist,none_flagged,medium,0.1359,goodhart_baseline,0.6228,0.6042,0.3545,510.71,0.7617,0.1458,0.0904,0.6176,0.4449,0.8147,0.6486,0.3992,0.4547,0.061
REP00004,Mateo,Watson,Mateo Watson,NovaWireless,General Support,Call Center,Customer Service Representative,False,3,3,new,billing_resolution,network_service,billing_support,tech_support,billing_resolution|network_service|generalist,misinformation_risk,medium,0.1359,goodhart_baseline,0.7047,0.7732,0.1778,477.19,0.6386,0.0201,0.0904,0.8469,0.2528,1.0,0.3674,0.242,0.2994,0.3362
REP00005,Brianna,Clark,Brianna Clark,NovaWireless,General Support,Call Center,Customer Service Representative,False,23,23,senior,network_service,porting_transfer,tech_support,porting_support,network_service|porting_transfer|generalist,none_flagged,medium,0.1359,goodhart_baseline,0.6559,0.7028,0.2144,532.54,0.6692,0.1489,0.0809,0.7743,0.2652,1.0,0.3829,0.1668,0.1585,0.0761
REP00006,Drew,Wong,Drew Wong,NovaWireless,General Support,Call Center,Customer Service Representative,False,32,32,senior,fraud_unwanted_calls,general_support,fraud_unwanted_calls,general_support,fraud_unwanted_calls|general_support|generalist,none_flagged,medium,0.1359,goodhart_baseline,0.6218,0.6932,0.2926,531.31,0.7378,0.097,0.0205,0.6803,0.3241,0.8774,0.4841,0.215,0.3118,0.1088
REP00007,Ana,Cruz,Ana Cruz,NovaWireless,General Support,Call Center,Customer Service Representative,False,31,31,senior,fraud_unwanted_calls,porting_transfer,fraud_unwanted_calls,porting_support,fraud_unwanted_calls|porting_transfer|generalist,none_flagged,medium,0.1359,goodhart_baseline,0.6178,0.6532,0.3118,540.96,0.7605,0.01,0.1039,0.6548,0.4523,0.7883,0.5488,0.3048,0.3545,0.0718
REP00008,Noah,Ramirez,Noah Ramirez,NovaWireless,General Support,Call Center,Customer Service Representative,False,30,30,senior,fraud_unwanted_calls,porting_transfer,fraud_unwanted_calls,porting_support,fraud_unwanted_calls|porting_transfer|generalist,none_flagged,medium,0.1359,goodhart_baseline,0.642,0.5691,0.3529,534.03,0.7169,0.1288,0.1179,0.5971,0.3922,0.8157,0.4379,0.3627,0.3995,0.1041
REP00009,Bailey,Castillo,Bailey Castillo,NovaWireless,General Support,Call Center,Customer Service Representative,False,40,40,senior,device_support,billing_resolution,device_support,billing_support,device_support|billing_resolution|generalist,none_flagged,medium,0.1359,goodhart_baseline,0.7148,0.6124,0.296,556.32,0.7206,0.0708,0.1322,0.6274,0.4486,0.8352,0.4431,0.4242,0.3708,0.0868
REP00010,Alexander,Kaur,Alexander Kaur,NovaWireless,General Support,Call Center,Customer Service Representative,False,34,34,senior,billing_resolution,fraud_unwanted_calls,billing_support,fraud_unwanted_calls,billing_resolution|fraud_unwanted_calls|generalist,none_flagged,medium,0.1359,goodhart_baseline,0.6474,0.7084,0.2558,556.74,0.694,0.0778,0.0823,0.7085,0.4502,0.8458,0.578,0.3273,0.3027,0.1321
REP00011,Grace,Harris,Grace Harris,NovaWireless,General Support,Call Center,Customer Service Representative,False,4,4,new,general_support,porting_transfer,general_support,porting_support,general_support|porting_transfer|generalist,misinformation_risk,medium,0.1359,goodhart_baseline,0.7787,0.8395,0.1277,545.65,0.7158,0.01,0.0638,0.8047,0.3309,1.0,0.552,0.2146,0.2129,0.315
REP00012,Benjamin,Torres,Benjamin Torres,NovaWireless,General Support,Call Center,Customer Service Representative,False,69,69,senior,general_support,fraud_unwanted_calls,general_support,fraud_unwanted_calls,general_support|fraud_unwanted_calls|generalist,none_flagged,medium,0.1359,goodhart_baseline,0.6454,0.5955,0.2648,546.24,0.6433,0.0451,0.1071,0.6425,0.3803,0.8682,0.3514,0.2709,0.2381,0.0728
REP00013,Carmen,Anderson,Carmen Anderson,NovaWireless,General Support,Call Center,Customer Service Representative,False,26,26,senior,billing_resolution,porting_transfer,billing_support,porting_support,billing_resolution|porting_transfer|generalist,none_flagged,medium,0.1359,goodhart_baseline,0.5694,0.649,0.2531,549.61,0.713,0.102,0.1095,0.6598,0.4259,0.9731,0.4698,0.2615,0.2438,0.1055
REP00014,Megan,Mitchell,Megan Mitchell,NovaWireless,General Support,Call Center,Customer Service Representative,False,32,32,senior,general_support,network_service,general_support,tech_support,general_support|network_service|generalist,none_flagged,medium,0.1359,goodhart_baseline,0.631,0.6581,0.311,520.46,0.6113,0.0475,0.1261,0.6514,0.4102,0.8226,0.3968,0.3798,0.3659,0.0167
REP00015,Jake,Lopez,Jake Lopez,NovaWireless,General Support,Call Center,Customer Service Representative,False,29,29,senior,fraud_unwanted_calls,device_support,fraud_unwanted_calls,device_support,fraud_unwanted_calls|device_support|generalist,none_flagged,medium,0.1359,goodhart_baseline,0.6446,0.7154,0.1629,557.33,0.6763,0.0535,0.1391,0.619,0.4627,0.8555,0.4103,0.2949,0.2913,0.1115
REP00016,Amir,Jones,Amir Jones,NovaWireless,General Support,Call Center,Customer Service Representative,False,35,35,senior,billing_resolution,fraud_unwanted_calls,billing_support,fraud_unwanted_calls,billing_resolution|fraud_unwanted_calls|generalist,none_flagged,medium,0.1359,goodhart_baseline,0.5329,0.8021,0.2014,545.7,0.5902,0.0818,0.0682,0.6414,0.4415,0.889,0.4544,0.3263,0.3308,0.0901
REP00017,Owen,Chen,Owen Chen,NovaWireless,General Support,Call Center,Customer Service Representative,False,31,31,senior,device_support,fraud_unwanted_calls,device_support,fraud_unwanted_calls,device_support|fraud_unwanted_calls|generalist,none_flagged,medium,0.1359,goodhart_baseline,0.6025,0.6895,0.2945,484.71,0.68,0.0288,0.1128,0.6617,0.2127,1.0,0.4557,0.2413,0.2386,0.041
REP00018,Leo,James,Leo James,NovaWireless,General Support,Call Center,Customer Service Representative,False,1,1,new,billing_resolution,fraud_unwanted_calls,billing_support,fraud_unwanted_calls,billing_resolution|fraud_unwanted_calls|generalist,misinformation_risk,medium,0.1359,goodhart_baseline,0.6615,0.6702,0.2477,523.98,0.6238,0.0886,0.0534,0.6081,0.3848,0.9166,0.6578,0.2857,0.2683,0.2805
REP00019,Christina,Edwards,Christina Edwards,NovaWireless,General Support,Call Center,Customer Service Representative,False,40,40,senior,billing_resolution,network_service,billing_support,tech_support,billing_resolution|network_service|generalist,none_flagged,medium,0.1359,goodhart_baseline,0.6687,0.5285,0.3979,589.29,0.6177,0.1294,0.0875,0.5901,0.4837,0.8345,0.624,0.467,0.4883,0.1411
REP00020,Mila,Howard,Mila Howard,NovaWireless,General Support,Call Center,Customer Service Representative,False,2,2,new,billing_resolution,fraud_unwanted_calls,billing_support,fraud_unwanted_calls,billing_resolution|fraud_unwanted_calls|generalist,misinformation_risk,medium,0.1359,goodhart_baseline,0.6478,0.6712,0.3288,544.47,0.6165,0.0418,0.0961,0.5921,0.3368,0.9056,0.3694,0.2257,0.2009,0.3693
REP00021,Nora,Scott,Nora Scott,NovaWireless,General Support,Call Center,Customer Service Representative,False,33,33,senior,device_support,billing_resolution,device_support,billing_support,device_support|billing_resolution|generalist,none_flagged,medium,0.1359,goodhart_baseline,0.5985,0.7228,0.1964,514.84,0.6659,0.0152,0.0547,0.6884,0.4434,0.8687,0.7276,0.2806,0.2618,0.1036
REP00022,Chloe,Morgan,Chloe Morgan,NovaWireless,General Support,Call Center,Customer Service Representative,False,25,25,senior,fraud_unwanted_calls,network_service,fraud_unwanted_calls,tech_support,fraud_unwanted_calls|network_service|generalist,gaming_prone,medium,0.1359,goodhart_baseline,0.5775,0.7284,0.2334,536.6,0.6567,0.1178,0.0872,0.6311,0.5505,0.8426,0.5532,0.5315,0.5783,0.199
REP00023,Elizabeth,Powell,Elizabeth Powell,NovaWireless,General Support,Call Center,Customer Service Representative,False,44,44,senior,billing_resolution,fraud_unwanted_calls,billing_support,fraud_unwanted_calls,billing_resolution|fraud_unwanted_calls|generalist,none_flagged,medium,0.1359,goodhart_baseline,0.7385,0.7476,0.2048,536.31,0.6353,0.1277,0.0727,0.6665,0.3739,0.7913,0.438,0.3093,0.3084,0.0349
REP00024,Logan,Hall,Logan Hall,NovaWireless,General Support,Call Center,Customer Service Representative,False,24,24,senior,device_support,billing_resolution,device_support,billing_support,device_support|billing_resolution|generalist,none_flagged,medium,0.1359,goodhart_baseline,0.5767,0.6498,0.2825,530.97,0.7086,0.0785,0.0631,0.603,0.31,0.9822,0.1855,0.3167,0.3629,0.0873
REP00025,Makayla,Moore,Makayla Moore,NovaWireless,General Support,Call Center,Customer Service Representative,False,2,2,new,billing_resolution,fraud_unwanted_calls,billing_support,fraud_unwanted_calls,billing_resolution|fraud_unwanted_calls|generalist,misinformation_risk,medium,0.1359,goodhart_baseline,0.6962,0.6645,0.2799,572.72,0.6599,0.0246,0.1287,0.6996,0.468,0.901,0.3847,0.3231,0.3502,0.3135
REP00026,Jordan,Cook,Jordan Cook,NovaWireless,General Support,Call Center,Customer Service Representative,False,20,20,senior,billing_resolution,network_service,billing_support,tech_support,billing_resolution|network_service|generalist,none_flagged,medium,0.1359,goodhart_baseline,0.5716,0.6243,0.3883,530.9,0.6605,0.0197,0.0889,0.5916,0.4429,0.769,0.4389,0.3142,0.3151,0.1319
REP00027,Aiden,Scott,Aiden Scott,NovaWireless,General Support,Call Center,Customer Service Representative,False,34,34,senior,fraud_unwanted_calls,billing_resolution,fraud_unwanted_calls,billing_support,fraud_unwanted_calls|billing_resolution|generalist,none_flagged,medium,0.1359,goodhart_baseline,0.6415,0.7304,0.2988,554.75,0.7251,0.059,0.0997,0.6893,0.4236,0.9148,0.5389,0.372,0.3639,0.0755
REP00028,Lily,Hall,Lily Hall,NovaWireless,General Support,Call Center,Customer Service Representative,False,46,46,senior,device_support,billing_resolution,device_support,billing_support,device_support|billing_resolution|generalist,none_flagged,medium,0.1359,goodhart_baseline,0.657,0.7249,0.1231,547.03,0.66,0.0797,0.0943,0.6449,0.3719,0.9375,0.5889,0.3233,0.3319,0.0541
REP00029,Andre,Ruiz,Andre Ruiz,NovaWireless,General Support,Call Center,Customer Service Representative,False,25,25,senior,device_support,general_support,device_support,general_support,device_support|general_support|generalist,none_flagged,medium,0.1359,goodhart_baseline,0.7604,0.6338,0.3393,509.68,0.674,0.0658,0.0581,0.7024,0.3059,1.0,0.2252,0.1518,0.1596,0.078
REP00030,Jamie,Harris,Jamie Harris,NovaWireless,General Support,Call Center,Customer Service Representative,False,36,36,senior,billing_resolution,fraud_unwanted_calls,billing_support,fraud_unwanted_calls,billing_resolution|fraud_unwanted_calls|generalist,none_flagged,medium,0.1359,goodhart_baseline,0.6498,0.6077,0.3766,533.1,0.7961,0.0555,0.1053,0.6808,0.3703,0.8942,0.5763,0.3365,0.3724,0.0999
REP00031,Amir,Clark,Amir Clark,NovaWireless,General Support,Call Center,Customer Service Representative,False,42,42,senior,device_support,fraud_unwanted_calls,device_support,fraud_unwanted_calls,device_support|fraud_unwanted_calls|generalist,none_flagged,medium,0.1359,goodhart_baseline,0.6712,0.7507,0.1855,496.59,0.7156,0.0222,0.0957,0.6344,0.3511,0.8981,0.1894,0.2546,0.2181,0.0132
REP00032,Ashley,Wright,Ashley Wright,NovaWireless,General Support,Call Center,Customer Service Representative,False,26,26,senior,network_service,general_support,tech_support,general_support,network_service|general_support|generalist,none_flagged,medium,0.1359,goodhart_baseline,0.5522,0.7566,0.2366,526.88,0.6512,0.095,0.141,0.6244,0.4255,0.9117,0.5149,0.2849,0.3278,0.1204
REP00033,Eric,Roberts,Eric Roberts,NovaWireless,General Support,Call Center,Customer Service Representative,False,49,49,senior,fraud_unwanted_calls,billing_resolution,fraud_unwanted_calls,billing_support,fraud_unwanted_calls|billing_resolution|generalist,none_flagged,medium,0.1359,goodhart_baseline,0.6048,0.5874,0.3136,553.58,0.6437,0.0459,0.0897,0.6079,0.4713,0.9181,0.3637,0.3781,0.3348,0.0417
REP00034,Kaitlyn,Johnson,Kaitlyn Johnson,NovaWireless,General Support,Call Center,Customer Service Representative,False,3,3,new,billing_resolution,fraud_unwanted_calls,billing_support,fraud_unwanted_calls,billing_resolution|fraud_unwanted_calls|generalist,misinformation_risk,medium,0.1359,goodhart_baseline,0.7398,0.6317,0.2681,540.44,0.6534,0.1175,0.0305,0.7043,0.5419,0.8691,0.5831,0.3709,0.3724,0.4201
REP00035,Mason,Thomas,Mason Thomas,NovaWireless,General Support,Call Center,Customer Service Representative,False,4,4,new,billing_resolution,network_service,billing_support,tech_support,billing_resolution|network_service|generalist,misinformation_risk,medium,0.1359,goodhart_baseline,0.5972,0.6475,0.2688,522.78,0.6132,0.1412,0.1472,0.5512,0.3647,0.9387,0.3019,0.3782,0.3777,0.3788
REP00036,Hazel,Jones,Hazel Jones,NovaWireless,General Support,Call Center,Customer Service Representative,False,5,5,new,network_service,device_support,tech_support,device_support,network_service|device_support|generalist,misinformation_risk,medium,0.1359,goodhart_baseline,0.6619,0.6685,0.2992,539.22,0.7077,0.0408,0.1393,0.5598,0.4208,0.9523,0.4989,0.2984,0.2025,0.4276
REP00037,Ari,Rodriguez,Ari Rodriguez,NovaWireless,General Support,Call Center,Customer Service Representative,False,19,19,senior,network_service,fraud_unwanted_calls,tech_support,fraud_unwanted_calls,network_service|fraud_unwanted_calls|generalist,none_flagged,medium,0.1359,goodhart_baseline,0.5334,0.739,0.201,571.0,0.6289,0.0356,0.1439,0.5874,0.5015,0.8997,0.501,0.3598,0.3475,0.1162
REP00038,Jaden,Hernandez,Jaden Hernandez,NovaWireless,General Support,Call Center,Customer Service Representative,False,32,32,senior,billing_resolution,general_support,billing_support,general_support,billing_resolution|general_support|generalist,none_flagged,medium,0.1359,goodhart_baseline,0.591,0.7409,0.2583,552.99,0.6785,0.1156,0.0739,0.613,0.3989,1.0,0.5698,0.3829,0.4414,0.0951
REP00039,Eva,Wong,Eva Wong,NovaWireless,General Support,Call Center,Customer Service Representative,False,34,34,senior,billing_resolution,device_support,billing_support,device_support,billing_resolution|device_support|generalist,none_flagged,medium,0.1359,goodhart_baseline,0.6756,0.7129,0.2337,551.56,0.6451,0.0731,0.0516,0.646,0.4492,0.7733,0.5707,0.2721,0.2559,0.0439
REP00040,Maria,Lopez,Maria Lopez,NovaWireless,General Support,Call Center,Customer Service Representative,False,33,33,senior,porting_transfer,device_support,porting_support,device_support,porting_transfer|device_support|generalist,none_flagged,medium,0.1359,goodhart_baseline,0.7035,0.6949,0.1903,540.92,0.7517,0.1164,0.1045,0.5684,0.4527,0.7927,0.455,0.4132,0.4684,0.1093
REP00041,Eric,Morgan,Eric Morgan,NovaWireless,General Support,Call Center,Customer Service Representative,False,5,5,new,network_service,billing_resolution,tech_support,billing_support,network_service|billing_resolution|generalist,misinformation_risk,medium,0.1359,goodhart_baseline,0.6405,0.7722,0.2756,513.04,0.7482,0.0393,0.01,0.7016,0.3556,1.0,0.546,0.169,0.1714,0.2655
REP00042,Logan,Wong,Logan Wong,NovaWireless,General Support,Call Center,Customer Service Representative,False,5,5,new,porting_transfer,fraud_unwanted_calls,porting_support,fraud_unwanted_calls,porting_transfer|fraud_unwanted_calls|generalist,misinformation_risk,medium,0.1359,goodhart_baseline,0.6393,0.6896,0.2735,512.2,0.6773,0.0773,0.1406,0.6881,0.3027,1.0,0.6055,0.293,0.2795,0.3926
REP00043,Maya,Morgan,Maya Morgan,NovaWireless,General Support,Call Center,Customer Service Representative,False,25,25,senior,billing_resolution,device_support,billing_support,device_support,billing_resolution|device_support|generalist,none_flagged,medium,0.1359,goodhart_baseline,0.7245,0.7809,0.1967,547.2,0.6293,0.0374,0.0278,0.7067,0.3192,1.0,0.5459,0.3211,0.3085,0.1454
REP00044,Henry,Rodriguez,Henry Rodriguez,NovaWireless,General Support,Call Center,Customer Service Representative,False,40,40,senior,porting_transfer,billing_resolution,porting_support,billing_support,porting_transfer|billing_resolution|generalist,none_flagged,medium,0.1359,goodhart_baseline,0.6859,0.6114,0.2771,556.05,0.7246,0.0256,0.1095,0.6299,0.4317,0.7747,0.5527,0.2455,0.2135,0.0359
REP00045,Michelle,Chen,Michelle Chen,NovaWireless,General Support,Call Center,Customer Service Representative,False,3,3,new,billing_resolution,fraud_unwanted_calls,billing_support,fraud_unwanted_calls,billing_resolution|fraud_unwanted_calls|generalist,misinformation_risk,medium,0.1359,goodhart_baseline,0.5803,0.646,0.3226,542.62,0.6351,0.1415,0.1091,0.5797,0.5322,0.9256,0.6725,0.3347,0.3596,0.4171
REP00046,Mia,Clark,Mia Clark,NovaWireless,General Support,Call Center,Customer Service Representative,False,33,33,senior,network_service,billing_resolution,tech_support,billing_support,network_service|billing_resolution|generalist,none_flagged,medium,0.1359,goodhart_baseline,0.7443,0.6445,0.2797,551.43,0.6864,0.089,0.105,0.6847,0.5531,0.7359,0.6232,0.2923,0.2735,0.0635
REP00047,Mia,Harris,Mia Harris,NovaWireless,General Support,Call Center,Customer Service Representative,False,3,3,new,billing_resolution,fraud_unwanted_calls,billing_support,fraud_unwanted_calls,billing_resolution|fraud_unwanted_calls|generalist,misinformation_risk,medium,0.1359,goodhart_baseline,0.6187,0.6909,0.2338,534.41,0.6526,0.0403,0.027,0.6494,0.3276,1.0,0.2995,0.2539,0.2435,0.3674
REP00048,Paul,Cook,Paul Cook,NovaWireless,General Support,Call Center,Customer Service Representative,False,66,66,senior,fraud_unwanted_calls,device_support,fraud_unwanted_calls,device_support,fraud_unwanted_calls|device_support|generalist,none_flagged,medium,0.1359,goodhart_baseline,0.5391,0.671,0.2362,538.86,0.6341,0.1299,0.0741,0.5697,0.4657,0.879,0.3663,0.285,0.3457,0.1341
REP00049,Leo,Roberts,Leo Roberts,NovaWireless,General Support,Call Center,Customer Service Representative,False,1,1,new,general_support,network_service,general_support,tech_support,general_support|network_service|generalist,misinformation_risk,medium,0.1359,goodhart_baseline,0.6264,0.6304,0.2959,477.41,0.8011,0.0588,0.01,0.6626,0.3225,0.9346,0.4133,0.3475,0.3569,0.2933
REP00050,Kaitlyn,Cooper,Kaitlyn Cooper,NovaWireless,General Support,Call Center,Customer Service Representative,False,35,35,senior,network_service,fraud_unwanted_calls,tech_support,fraud_unwanted_calls,network_service|fraud_unwanted_calls|generalist,none_flagged,medium,0.1359,goodhart_baseline,0.7004,0.7223,0.2345,530.31,0.7537,0.0488,0.0524,0.7491,0.3193,1.0,0.3911,0.2578,0.2503,0.0809
REP00051,Carmen,Smith,Carmen Smith,NovaWireless,General Support,Call Center,Customer Service Representative,False,40,40,senior,billing_resolution,network_service,billing_support,tech_support,billing_resolution|network_service|generalist,none_flagged,medium,0.1359,goodhart_baseline,0.5788,0.7344,0.2846,540.43,0.6037,0.0771,0.0648,0.6227,0.4433,0.7948,0.5526,0.3203,0.318,0.1427
REP00052,Evelyn,Williams,Evelyn Williams,NovaWireless,General Support,Call Center,Customer Service Representative,False,32,32,senior,billing_resolution,fraud_unwanted_calls,billing_support,fraud_unwanted_calls,billing_resolution|fraud_unwanted_calls|generalist,none_flagged,medium,0.1359,goodhart_baseline,0.5896,0.7882,0.1413,547.8,0.5941,0.0591,0.093,0.6079,0.3864,1.0,0.455,0.3037,0.2441,0.0634
REP00053,Amir,Carter,Amir Carter,NovaWireless,General Support,Call Center,Customer Service Representative,False,169,169,senior,fraud_unwanted_calls,device_support,fraud_unwanted_calls,device_support,fraud_unwanted_calls|device_support|generalist,none_flagged,medium,0.1359,goodhart_baseline,0.6489,0.7175,0.2343,539.84,0.6836,0.01,0.1305,0.7143,0.4402,0.6397,0.4665,0.4209,0.4185,0.0836
REP00054,Naomi,Robinson,Naomi Robinson,NovaWireless,General Support,Call Center,Customer Service Representative,False,31,31,senior,billing_resolution,porting_transfer,billing_support,porting_support,billing_resolution|porting_transfer|generalist,none_flagged,medium,0.1359,goodhart_baseline,0.6356,0.7444,0.2378,565.24,0.6666,0.0591,0.1076,0.6173,0.551,0.7134,0.6084,0.3047,0.3513,0.1255
REP00055,Grace,Howard,Grace Howard,NovaWireless,General Support,Call Center,Customer Service Representative,False,26,26,senior,network_service,fraud_unwanted_calls,tech_support,fraud_unwanted_calls,network_service|fraud_unwanted_calls|generalist,none_flagged,medium,0.1359,goodhart_baseline,0.7029,0.7418,0.1793,503.84,0.7001,0.1234,0.0701,0.7423,0.3281,0.905,0.5055,0.2704,0.2722,0.0451
REP00056,Isaiah,Brown,Isaiah Brown,NovaWireless,General Support,Call Center,Customer Service Representative,False,39,39,senior,general_support,billing_resolution,general_support,billing_support,general_support|billing_resolution|generalist,none_flagged,medium,0.1359,goodhart_baseline,0.597,0.623,0.2831,537.93,0.7345,0.0303,0.1715,0.6655,0.4588,0.7329,0.6571,0.4424,0.4263,0.0816
REP00057,Eric,Lewis,Eric Lewis,NovaWireless,General Support,Call Center,Customer Service Representative,False,36,36,senior,billing_resolution,fraud_unwanted_calls,billing_support,fraud_unwanted_calls,billing_resolution|fraud_unwanted_calls|generalist,none_flagged,medium,0.1359,goodhart_baseline,0.6216,0.8379,0.244,544.27,0.6768,0.0683,0.1145,0.6981,0.4042,0.8986,0.4249,0.2697,0.2768,0.084
REP00058,Alex,Scott,Alex Scott,NovaWireless,General Support,Call Center,Customer Service Representative,False,162,162,senior,fraud_unwanted_calls,device_support,fraud_unwanted_calls,device_support,fraud_unwanted_calls|device_support|generalist,none_flagged,medium,0.1359,goodhart_baseline,0.6748,0.6553,0.2793,555.38,0.6094,0.061,0.1204,0.619,0.465,0.982,0.2669,0.3832,0.3898,0.0534
REP00059,Jonathan,Price,Jonathan Price,NovaWireless,General Support,Call Center,Customer Service Representative,False,26,26,senior,fraud_unwanted_calls,porting_transfer,fraud_unwanted_calls,porting_support,fraud_unwanted_calls|porting_transfer|generalist,none_flagged,medium,0.1359,goodhart_baseline,0.6463,0.7476,0.251,524.54,0.707,0.1101,0.1133,0.7137,0.4006,0.8935,0.5709,0.3341,0.3458,0.1178
REP00060,Nora,Torres,Nora Torres,NovaWireless,General Support,Call Center,Customer Service Representative,False,5,5,new,network_service,billing_resolution,tech_support,billing_support,network_service|billing_resolution|generalist,misinformation_risk,medium,0.1359,goodhart_baseline,0.6094,0.7136,0.215,561.13,0.5955,0.074,0.1204,0.602,0.5484,0.9076,0.659,0.3693,0.3567,0.4295
REP00061,Mia,Richardson,Mia Richardson,NovaWireless,General Support,Call Center,Customer Service Representative,False,37,37,senior,network_service,fraud_unwanted_calls,tech_support,fraud_unwanted_calls,network_service|fraud_unwanted_calls|generalist,none_flagged,medium,0.1359,goodhart_baseline,0.6529,0.7645,0.2528,498.04,0.6637,0.0481,0.1065,0.7992,0.3368,1.0,0.3521,0.3091,0.3123,0.0961
REP00062,Logan,Moore,Logan Moore,NovaWireless,General Support,Call Center,Customer Service Representative,False,31,31,senior,fraud_unwanted_calls,network_service,fraud_unwanted_calls,tech_support,fraud_unwanted_calls|network_service|generalist,none_flagged,medium,0.1359,goodhart_baseline,0.4749,0.7764,0.2548,557.64,0.5745,0.0956,0.1217,0.6347,0.3592,0.8522,0.0873,0.275,0.2258,0.0886
REP00063,Sophia,White,Sophia White,NovaWireless,General Support,Call Center,Customer Service Representative,False,37,37,senior,billing_resolution,network_service,billing_support,tech_support,billing_resolution|network_service|generalist,none_flagged,medium,0.1359,goodhart_baseline,0.6361,0.7455,0.281,522.98,0.691,0.0288,0.1396,0.6706,0.2988,0.9723,0.5561,0.3346,0.3653,0.0523
REP00064,Mila,Gonzalez,Mila Gonzalez,NovaWireless,General Support,Call Center,Customer Service Representative,False,30,30,senior,network_service,general_support,tech_support,general_support,network_service|general_support|generalist,none_flagged,medium,0.1359,goodhart_baseline,0.6496,0.7967,0.1505,558.64,0.6612,0.1031,0.0575,0.6412,0.3439,0.953,0.4062,0.3073,0.2772,0.074
REP00065,Jada,Thompson,Jada Thompson,NovaWireless,General Support,Call Center,Customer Service Representative,False,30,30,senior,device_support,billing_resolution,device_support,billing_support,device_support|billing_resolution|generalist,none_flagged,medium,0.1359,goodhart_baseline,0.7637,0.6688,0.295,540.06,0.7351,0.0601,0.01,0.6641,0.3413,1.0,0.4459,0.2394,0.2213,0.1113
REP00066,Elliot,Lopez,Elliot Lopez,NovaWireless,General Support,Call Center,Customer Service Representative,False,32,32,senior,billing_resolution,device_support,billing_support,device_support,billing_resolution|device_support|generalist,none_flagged,medium,0.1359,goodhart_baseline,0.7326,0.744,0.2119,581.84,0.6548,0.0585,0.0542,0.6944,0.5368,0.7478,0.4592,0.2984,0.2773,0.1226
REP00067,Jace,Chang,Jace Chang,NovaWireless,General Support,Call Center,Customer Service Representative,False,49,49,senior,general_support,billing_resolution,general_support,billing_support,general_support|billing_resolution|generalist,none_flagged,medium,0.1359,goodhart_baseline,0.6693,0.7264,0.1675,541.28,0.6167,0.0671,0.116,0.6378,0.4188,0.9601,0.5794,0.3668,0.3484,0.0354
REP00068,Anna,Castillo,Anna Castillo,NovaWireless,General Support,Call Center,Customer Service Representative,False,33,33,senior,device_support,network_service,device_support,tech_support,device_support|network_service|generalist,none_flagged,medium,0.1359,goodhart_baseline,0.6953,0.804,0.1932,482.75,0.6524,0.0199,0.0437,0.7948,0.3505,1.0,0.356,0.1539,0.1622,0.0853
REP00069,Laura,Jones,Laura Jones,NovaWireless,General Support,Call Center,Customer Service Representative,False,31,31,senior,fraud_unwanted_calls,network_service,fraud_unwanted_calls,tech_support,fraud_unwanted_calls|network_service|generalist,none_flagged,medium,0.1359,goodhart_baseline,0.6199,0.8145,0.2002,550.74,0.6435,0.0714,0.0245,0.6176,0.3869,0.973,0.6128,0.205,0.1896,0.1683
REP00070,Mateo,Diaz,Mateo Diaz,NovaWireless,General Support,Call Center,Customer Service Representative,False,60,60,senior,fraud_unwanted_calls,billing_resolution,fraud_unwanted_calls,billing_support,fraud_unwanted_calls|billing_resolution|generalist,none_flagged,medium,0.1359,goodhart_baseline,0.7139,0.6422,0.2951,498.4,0.6295,0.0378,0.1053,0.6139,0.3394,1.0,0.2939,0.2078,0.1555,0.0182
REP00071,Christina,Jackson,Christina Jackson,NovaWireless,General Support,Call Center,Customer Service Representative,False,30,30,senior,device_support,fraud_unwanted_calls,device_support,fraud_unwanted_calls,device_support|fraud_unwanted_calls|generalist,none_flagged,medium,0.1359,goodhart_baseline,0.5798,0.6632,0.2605,565.8,0.6231,0.1501,0.1238,0.5754,0.4666,0.8988,0.3697,0.2878,0.2253,0.0881
REP00072,Daniel,Martin,Daniel Martin,NovaWireless,General Support,Call Center,Customer Service Representative,False,133,133,senior,billing_resolution,general_support,billing_support,general_support,billing_resolution|general_support|generalist,none_flagged,medium,0.1359,goodhart_baseline,0.7191,0.7301,0.255,517.82,0.7788,0.0805,0.0711,0.6881,0.3965,0.917,0.5449,0.2505,0.2423,0.1318
REP00073,Jennifer,Bennett,Jennifer Bennett,NovaWireless,General Support,Call Center,Customer Service Representative,False,3,3,new,porting_transfer,device_support,porting_support,device_support,porting_transfer|device_support|generalist,misinformation_risk,medium,0.1359,goodhart_baseline,0.5569,0.648,0.3459,536.46,0.698,0.01,0.1523,0.6425,0.5392,0.7787,0.58,0.3847,0.3541,0.339
REP00074,Dakota,Nguyen,Dakota Nguyen,NovaWireless,General Support,Call Center,Customer Service Representative,False,20,20,senior,billing_resolution,general_support,billing_support,general_support,billing_resolution|general_support|generalist,none_flagged,medium,0.1359,goodhart_baseline,0.7813,0.7166,0.2657,540.42,0.7469,0.0498,0.1182,0.724,0.305,0.9049,0.3373,0.2325,0.2788,0.1062
REP00075,Taylor,Campbell,Taylor Campbell,NovaWireless,General Support,Call Center,Customer Service Representative,False,27,27,senior,network_service,billing_resolution,tech_support,billing_support,network_service|billing_resolution|generalist,none_flagged,medium,0.1359,goodhart_baseline,0.6615,0.7506,0.232,510.74,0.6889,0.12,0.1279,0.6776,0.485,0.7934,0.4134,0.4054,0.3709,0.1009
REP00076,Daniel,Campbell,Daniel Campbell,NovaWireless,General Support,Call Center,Customer Service Representative,False,2,2,new,general_support,billing_resolution,general_support,billing_support,general_support|billing_resolution|generalist,misinformation_risk,medium,0.1359,goodhart_baseline,0.6407,0.6796,0.2815,570.41,0.6335,0.0756,0.1581,0.6491,0.4025,0.8108,0.4794,0.2363,0.1926,0.3205
REP00077,Naomi,Lopez,Naomi Lopez,NovaWireless,General Support,Call Center,Customer Service Representative,False,37,37,senior,fraud_unwanted_calls,device_support,fraud_unwanted_calls,device_support,fraud_unwanted_calls|device_support|generalist,none_flagged,medium,0.1359,goodhart_baseline,0.7668,0.667,0.2678,523.18,0.6075,0.01,0.0735,0.699,0.4765,0.9161,0.5092,0.2498,0.2691,0.0975
REP00078,Amy,Gray,Amy Gray,NovaWireless,General Support,Call Center,Customer Service Representative,False,26,26,senior,billing_resolution,network_service,billing_support,tech_support,billing_resolution|network_service|generalist,none_flagged,medium,0.1359,goodhart_baseline,0.638,0.8321,0.2163,527.69,0.7272,0.0802,0.1057,0.7198,0.3414,0.9556,0.5031,0.249,0.2861,0.0702
REP00079,Elena,Williams,Elena Williams,NovaWireless,General Support,Call Center,Customer Service Representative,False,33,33,senior,billing_resolution,network_service,billing_support,tech_support,billing_resolution|network_service|generalist,none_flagged,medium,0.1359,goodhart_baseline,0.5817,0.802,0.1771,529.06,0.7369,0.0546,0.1041,0.621,0.4248,0.9877,0.4962,0.3419,0.3681,0.1338
REP00080,George,Campbell,George Campbell,NovaWireless,General Support,Call Center,Customer Service Representative,False,138,138,senior,fraud_unwanted_calls,billing_resolution,fraud_unwanted_calls,billing_support,fraud_unwanted_calls|billing_resolution|generalist,none_flagged,medium,0.1359,goodhart_baseline,0.6753,0.8197,0.1923,509.25,0.7334,0.0164,0.01,0.7653,0.284,0.9173,0.2699,0.2756,0.279,0.106
REP00081,Madison,Lewis,Madison Lewis,NovaWireless,General Support,Call Center,Customer Service Representative,False,32,32,senior,network_service,fraud_unwanted_calls,tech_support,fraud_unwanted_calls,network_service|fraud_unwanted_calls|generalist,none_flagged,medium,0.1359,goodhart_baseline,0.5761,0.6946,0.3142,527.77,0.6803,0.0659,0.0985,0.6524,0.4321,1.0,0.5665,0.2225,0.1702,0.1506
REP00082,Casey,Smith,Casey Smith,NovaWireless,General Support,Call Center,Customer Service Representative,False,46,46,senior,billing_resolution,device_support,billing_support,device_support,billing_resolution|device_support|generalist,none_flagged,medium,0.1359,goodhart_baseline,0.7121,0.7571,0.2393,582.11,0.7823,0.1017,0.0695,0.6948,0.4341,0.9176,0.5977,0.2097,0.2418,0.059
REP00083,Sofia,Miller,Sofia Miller,NovaWireless,General Support,Call Center,Customer Service Representative,False,114,114,senior,device_support,billing_resolution,device_support,billing_support,device_support|billing_resolution|generalist,none_flagged,medium,0.1359,goodhart_baseline,0.6195,0.6409,0.2623,524.71,0.6224,0.1059,0.1011,0.6002,0.4406,1.0,0.7656,0.2287,0.1958,0.0
REP00084,Isabella,Murphy,Isabella Murphy,NovaWireless,General Support,Call Center,Customer Service Representative,False,33,33,senior,fraud_unwanted_calls,network_service,fraud_unwanted_calls,tech_support,fraud_unwanted_calls|network_service|generalist,none_flagged,medium,0.1359,goodhart_baseline,0.6509,0.8507,0.1815,532.51,0.7067,0.019,0.0925,0.7285,0.3792,0.9801,0.4969,0.3029,0.3335,0.0736
REP00085,Oliver,Anderson,Oliver Anderson,NovaWireless,General Support,Call Center,Customer Service Representative,False,40,40,senior,network_service,billing_resolution,tech_support,billing_support,network_service|billing_resolution|generalist,none_flagged,medium,0.1359,goodhart_baseline,0.6561,0.8432,0.1859,573.56,0.692,0.0884,0.0778,0.7591,0.4739,0.8741,0.6051,0.3603,0.2775,0.0519
REP00086,Hannah,Howard,Hannah Howard,NovaWireless,General Support,Call Center,Customer Service Representative,False,37,37,senior,fraud_unwanted_calls,porting_transfer,fraud_unwanted_calls,porting_support,fraud_unwanted_calls|porting_transfer|generalist,none_flagged,medium,0.1359,goodhart_baseline,0.7,0.6847,0.2209,530.97,0.7332,0.0868,0.0774,0.653,0.3527,0.8779,0.3948,0.2217,0.2018,0.1138
REP00087,Hayden,Jackson,Hayden Jackson,NovaWireless,General Support,Call Center,Customer Service Representative,False,46,46,senior,billing_resolution,general_support,billing_support,general_support,billing_resolution|general_support|generalist,none_flagged,medium,0.1359,goodhart_baseline,0.7398,0.8138,0.1258,458.41,0.5973,0.0365,0.1105,0.7446,0.3685,0.9986,0.4397,0.2954,0.3471,0.0
REP00088,Angela,Powell,Angela Powell,NovaWireless,General Support,Call Center,Customer Service Representative,False,38,38,senior,general_support,porting_transfer,general_support,porting_support,general_support|porting_transfer|generalist,compliance_risk|gaming_prone,medium,0.1359,goodhart_baseline,0.5559,0.5749,0.3858,564.02,0.5624,0.0679,0.1615,0.5902,0.5472,0.7939,0.4918,0.5646,0.547,0.1498
REP00089,Kyle,Chang,Kyle Chang,NovaWireless,General Support,Call Center,Customer Service Representative,False,38,38,senior,fraud_unwanted_calls,general_support,fraud_unwanted_calls,general_support,fraud_unwanted_calls|general_support|generalist,none_flagged,medium,0.1359,goodhart_baseline,0.5685,0.5998,0.2618,525.39,0.6669,0.1045,0.1019,0.6219,0.369,0.7724,0.6204,0.2772,0.3071,0.1492
REP00090,Alex,Ortiz,Alex Ortiz,NovaWireless,General Support,Call Center,Customer Service Representative,False,26,26,senior,network_service,fraud_unwanted_calls,tech_support,fraud_unwanted_calls,network_service|fraud_unwanted_calls|generalist,none_flagged,medium,0.1359,goodhart_baseline,0.6462,0.7954,0.1825,534.73,0.6841,0.0141,0.1382,0.6392,0.5066,0.9843,0.6958,0.3187,0.3353,0.1804
REP00091,Naomi,Rivera,Naomi Rivera,NovaWireless,General Support,Call Center,Customer Service Representative,False,34,34,senior,network_service,porting_transfer,tech_support,porting_support,network_service|porting_transfer|generalist,none_flagged,medium,0.1359,goodhart_baseline,0.6025,0.6191,0.3452,584.88,0.6822,0.0606,0.081,0.5663,0.5666,0.8024,0.6407,0.3364,0.3262,0.1229
REP00092,Evelyn,Ward,Evelyn Ward,NovaWireless,General Support,Call Center,Customer Service Representative,False,27,27,senior,fraud_unwanted_calls,device_support,fraud_unwanted_calls,device_support,fraud_unwanted_calls|device_support|generalist,none_flagged,medium,0.1359,goodhart_baseline,0.6622,0.7378,0.2486,528.49,0.7528,0.1065,0.0231,0.6981,0.3048,1.0,0.5041,0.3164,0.3113,0.1657
REP00093,Jackson,Nelson,Jackson Nelson,NovaWireless,General Support,Call Center,Customer Service Representative,False,128,128,senior,network_service,billing_resolution,tech_support,billing_support,network_service|billing_resolution|generalist,none_flagged,medium,0.1359,goodhart_baseline,0.6354,0.759,0.2678,554.64,0.691,0.0634,0.0798,0.7848,0.3779,0.994,0.4605,0.2495,0.2477,0.0146
REP00094,Hazel,Moore,Hazel Moore,NovaWireless,General Support,Call Center,Customer Service Representative,False,29,29,senior,billing_resolution,network_service,billing_support,tech_support,billing_resolution|network_service|generalist,none_flagged,medium,0.1359,goodhart_baseline,0.6064,0.6517,0.2687,575.42,0.6496,0.1018,0.1985,0.6166,0.451,0.9652,0.4397,0.3556,0.3341,0.1501
REP00095,Eli,Lopez,Eli Lopez,NovaWireless,General Support,Call Center,Customer Service Representative,False,38,38,senior,fraud_unwanted_calls,device_support,fraud_unwanted_calls,device_support,fraud_unwanted_calls|device_support|generalist,none_flagged,medium,0.1359,goodhart_baseline,0.5638,0.6531,0.2789,577.16,0.6947,0.0251,0.0825,0.5965,0.5044,0.8091,0.5118,0.3745,0.4223,0.0626
REP00096,Barbara,Morgan,Barbara Morgan,NovaWireless,General Support,Call Center,Customer Service Representative,False,35,35,senior,billing_resolution,network_service,billing_support,tech_support,billing_resolution|network_service|generalist,none_flagged,medium,0.1359,goodhart_baseline,0.5945,0.7326,0.2412,524.05,0.6289,0.0733,0.1,0.6635,0.3518,0.9875,0.3382,0.1597,0.1702,0.0962
REP00097,Jose,Ruiz,Jose Ruiz,NovaWireless,General Support,Call Center,Customer Service Representative,False,31,31,senior,fraud_unwanted_calls,general_support,fraud_unwanted_calls,general_support,fraud_unwanted_calls|general_support|generalist,none_flagged,medium,0.1359,goodhart_baseline,0.5737,0.8357,0.2214,564.88,0.7645,0.01,0.1069,0.6157,0.5194,0.815,0.5907,0.3092,0.3323,0.1871
REP00098,Jason,Alvarez,Jason Alvarez,NovaWireless,General Support,Call Center,Customer Service Representative,False,5,5,new,billing_resolution,device_support,billing_support,device_support,billing_resolution|device_support|generalist,misinformation_risk,medium,0.1359,goodhart_baseline,0.7477,0.631,0.2594,591.31,0.6421,0.0186,0.0652,0.6256,0.407,0.9519,0.382,0.2585,0.2395,0.3401
REP00099,Barbara,Hernandez,Barbara Hernandez,NovaWireless,General Support,Call Center,Customer Service Representative,False,39,39,senior,billing_resolution,fraud_unwanted_calls,billing_support,fraud_unwanted_calls,billing_resolution|fraud_unwanted_calls|generalist,none_flagged,medium,0.1359,goodhart_baseline,0.7163,0.7281,0.2562,542.7,0.5733,0.0779,0.0306,0.7056,0.4717,0.7329,0.4652,0.3188,0.3171,0.0532
REP00100,Zoe,Jackson,Zoe Jackson,NovaWireless,General Support,Call Center,Customer Service Representative,False,28,28,senior,fraud_unwanted_calls,billing_resolution,fraud_unwanted_calls,billing_support,fraud_unwanted_calls|billing_resolution|generalist,none_flagged,medium,0.1359,goodhart_baseline,0.6535,0.6789,0.2327,528.42,0.7216,0.1003,0.0361,0.6938,0.4613,1.0,0.4667,0.3668,0.3853,0.0747
REP00101,Isabella,Rodriguez,Isabella Rodriguez,NovaWireless,General Support,Call Center,Customer Service Representative,False,4,4,new,billing_resolution,device_support,billing_support,device_support,billing_resolution|device_support|generalist,misinformation_risk,medium,0.1359,goodhart_baseline,0.6141,0.6648,0.2178,553.35,0.6976,0.0752,0.0695,0.6174,0.474,1.0,0.3161,0.2992,0.3285,0.4282
REP00102,Leo,Cruz,Leo Cruz,NovaWireless,General Support,Call Center,Customer Service Representative,False,2,2,new,billing_resolution,network_service,billing_support,tech_support,billing_resolution|network_service|generalist,misinformation_risk,medium,0.1359,goodhart_baseline,0.5083,0.6156,0.2582,561.23,0.8059,0.1274,0.0481,0.5148,0.5638,0.8253,0.4996,0.3067,0.2731,0.3652
REP00103,Riley,Roberts,Riley Roberts,NovaWireless,General Support,Call Center,Customer Service Representative,False,28,28,senior,fraud_unwanted_calls,network_service,fraud_unwanted_calls,tech_support,fraud_unwanted_calls|network_service|generalist,none_flagged,medium,0.1359,goodhart_baseline,0.6236,0.6646,0.2914,580.01,0.6521,0.1025,0.0883,0.6261,0.4679,0.8757,0.609,0.3738,0.4213,0.0909
REP00104,Logan,Collins,Logan Collins,NovaWireless,General Support,Call Center,Customer Service Representative,False,36,36,senior,porting_transfer,billing_resolution,porting_support,billing_support,porting_transfer|billing_resolution|generalist,none_flagged,medium,0.1359,goodhart_baseline,0.6395,0.7537,0.2042,498.22,0.6234,0.0486,0.0743,0.6767,0.3615,0.8576,0.4585,0.3117,0.3421,0.0666
REP00105,Mia,Ross,Mia Ross,NovaWireless,General Support,Call Center,Customer Service Representative,False,36,36,senior,billing_resolution,fraud_unwanted_calls,billing_support,fraud_unwanted_calls,billing_resolution|fraud_unwanted_calls|generalist,none_flagged,medium,0.1359,goodhart_baseline,0.5338,0.6785,0.2486,520.69,0.6385,0.0648,0.1478,0.7088,0.3959,0.9421,0.5716,0.4143,0.4041,0.1616
REP00106,Eva,Flores,Eva Flores,NovaWireless,General Support,Call Center,Customer Service Representative,False,32,32,senior,device_support,billing_resolution,device_support,billing_support,device_support|billing_resolution|generalist,none_flagged,medium,0.1359,goodhart_baseline,0.6343,0.7059,0.1915,527.9,0.6696,0.0872,0.0903,0.6558,0.4597,0.8687,0.5155,0.345,0.3402,0.1093
REP00107,Clara,Hill,Clara Hill,NovaWireless,General Support,Call Center,Customer Service Representative,False,34,34,senior,fraud_unwanted_calls,porting_transfer,fraud_unwanted_calls,porting_support,fraud_unwanted_calls|porting_transfer|generalist,none_flagged,high,0.1359,goodhart_baseline,0.6475,0.6919,0.2798,606.66,0.6465,0.095,0.2118,0.6444,0.6127,0.8005,0.5713,0.3548,0.343,0.0948
REP00108,Dakota,Scott,Dakota Scott,NovaWireless,General Support,Call Center,Customer Service Representative,False,32,32,senior,fraud_unwanted_calls,billing_resolution,fraud_unwanted_calls,billing_support,fraud_unwanted_calls|billing_resolution|generalist,none_flagged,medium,0.1359,goodhart_baseline,0.5477,0.7441,0.2144,524.53,0.6503,0.1325,0.1035,0.6509,0.4197,0.9922,0.5646,0.3639,0.4129,0.1099
REP00109,Mateo,Peterson,Mateo Peterson,NovaWireless,General Support,Call Center,Customer Service Representative,False,25,25,senior,billing_resolution,fraud_unwanted_calls,billing_support,fraud_unwanted_calls,billing_resolution|fraud_unwanted_calls|generalist,none_flagged,medium,0.1359,goodhart_baseline,0.6848,0.6874,0.2878,538.24,0.6407,0.1184,0.0185,0.6575,0.4258,0.8591,0.2465,0.2382,0.2896,0.1164
REP00110,Noah,Barnes,Noah Barnes,NovaWireless,General Support,Call Center,Customer Service Representative,False,12,12,mid,network_service,billing_resolution,tech_support,billing_support,network_service|billing_resolution|generalist,misinformation_risk,medium,0.1359,goodhart_baseline,0.5716,0.6365,0.2597,563.34,0.6617,0.1229,0.1248,0.5727,0.4423,0.8672,0.5318,0.3242,0.3552,0.2769
REP00111,Hayden,Foster,Hayden Foster,NovaWireless,General Support,Call Center,Customer Service Representative,False,29,29,senior,fraud_unwanted_calls,network_service,fraud_unwanted_calls,tech_support,fraud_unwanted_calls|network_service|generalist,none_flagged,medium,0.1359,goodhart_baseline,0.654,0.7231,0.2062,545.61,0.7236,0.1492,0.0865,0.6872,0.4667,0.9367,0.6144,0.3748,0.3171,0.0835
REP00112,Gabriella,Martin,Gabriella Martin,NovaWireless,General Support,Call Center,Customer Service Representative,False,2,2,new,billing_resolution,fraud_unwanted_calls,billing_support,fraud_unwanted_calls,billing_resolution|fraud_unwanted_calls|generalist,misinformation_risk,medium,0.1359,goodhart_baseline,0.5532,0.7078,0.2544,560.13,0.6366,0.1076,0.1385,0.6513,0.4023,0.9028,0.4046,0.309,0.2863,0.3568
REP00113,Taylor,Wilson,Taylor Wilson,NovaWireless,General Support,Call Center,Customer Service Representative,False,25,25,senior,billing_resolution,fraud_unwanted_calls,billing_support,fraud_unwanted_calls,billing_resolution|fraud_unwanted_calls|generalist,none_flagged,medium,0.1359,goodhart_baseline,0.7293,0.8293,0.1988,527.17,0.6877,0.01,0.1025,0.7578,0.3884,0.9556,0.5872,0.2832,0.2898,0.1509
REP00114,Alexis,Barnes,Alexis Barnes,NovaWireless,General Support,Call Center,Customer Service Representative,False,23,23,senior,porting_transfer,fraud_unwanted_calls,porting_support,fraud_unwanted_calls,porting_transfer|fraud_unwanted_calls|generalist,none_flagged,medium,0.1359,goodhart_baseline,0.5868,0.6527,0.2627,511.75,0.6311,0.0429,0.1441,0.6623,0.3523,0.9785,0.2544,0.4046,0.4136,0.1284
REP00115,Grace,Torres,Grace Torres,NovaWireless,General Support,Call Center,Customer Service Representative,False,37,37,senior,billing_resolution,device_support,billing_support,device_support,billing_resolution|device_support|generalist,none_flagged,medium,0.1359,goodhart_baseline,0.698,0.7914,0.2212,541.01,0.7276,0.1095,0.0634,0.7286,0.3287,0.9085,0.5661,0.1977,0.2069,0.0359
REP00116,Lucas,Gupta,Lucas Gupta,NovaWireless,General Support,Call Center,Customer Service Representative,False,30,30,senior,billing_resolution,device_support,billing_support,device_support,billing_resolution|device_support|generalist,none_flagged,medium,0.1359,goodhart_baseline,0.6977,0.7452,0.2489,542.25,0.727,0.044,0.0759,0.7387,0.396,0.7867,0.7138,0.2767,0.2311,0.0757
REP00117,Jada,Jones,Jada Jones,NovaWireless,General Support,Call Center,Customer Service Representative,False,26,26,senior,network_service,device_support,tech_support,device_support,network_service|device_support|generalist,none_flagged,medium,0.1359,goodhart_baseline,0.6347,0.6848,0.249,523.89,0.6287,0.1526,0.0719,0.6056,0.4019,1.0,0.4938,0.3646,0.3297,0.1225
REP00118,Laura,Davis,Laura Davis,NovaWireless,General Support,Call Center,Customer Service Representative,False,47,47,senior,fraud_unwanted_calls,network_service,fraud_unwanted_calls,tech_support,fraud_unwanted_calls|network_service|generalist,none_flagged,medium,0.1359,goodhart_baseline,0.6477,0.6861,0.2799,537.42,0.7022,0.0513,0.0622,0.7124,0.3675,0.9098,0.5111,0.2635,0.28,0.0441
REP00119,Madison,Hernandez,Madison Hernandez,NovaWireless,General Support,Call Center,Customer Service Representative,False,86,86,senior,network_service,fraud_unwanted_calls,tech_support,fraud_unwanted_calls,network_service|fraud_unwanted_calls|generalist,none_flagged,medium,0.1359,goodhart_baseline,0.6267,0.5766,0.4102,543.91,0.6453,0.141,0.1734,0.5474,0.4276,0.826,0.3774,0.3228,0.4009,0.061
REP00120,Paul,Edwards,Paul Edwards,NovaWireless,General Support,Call Center,Customer Service Representative,False,33,33,senior,fraud_unwanted_calls,general_support,fraud_unwanted_calls,general_support,fraud_unwanted_calls|general_support|generalist,none_flagged,medium,0.1359,goodhart_baseline,0.488,0.5485,0.361,570.01,0.6624,0.0999,0.0937,0.4898,0.5426,0.721,0.5018,0.3277,0.3328,0.0748
REP00121,Elijah,Gray,Elijah Gray,NovaWireless,General Support,Call Center,Customer Service Representative,False,33,33,senior,billing_resolution,fraud_unwanted_calls,billing_support,fraud_unwanted_calls,billing_resolution|fraud_unwanted_calls|generalist,none_flagged,medium,0.1359,goodhart_baseline,0.6716,0.7631,0.2246,525.64,0.7033,0.0729,0.0924,0.7716,0.3802,0.9701,0.4983,0.2699,0.3489,0.129
REP00122,Nathan,Harris,Nathan Harris,NovaWireless,General Support,Call Center,Customer Service Representative,False,21,21,senior,fraud_unwanted_calls,porting_transfer,fraud_unwanted_calls,porting_support,fraud_unwanted_calls|porting_transfer|generalist,none_flagged,medium,0.1359,goodhart_baseline,0.5651,0.6274,0.3295,550.1,0.6378,0.0607,0.1063,0.5934,0.4174,0.7809,0.577,0.3369,0.2997,0.1188
REP00123,Jasmine,Harris,Jasmine Harris,NovaWireless,General Support,Call Center,Customer Service Representative,False,35,35,senior,fraud_unwanted_calls,network_service,fraud_unwanted_calls,tech_support,fraud_unwanted_calls|network_service|generalist,none_flagged,medium,0.1359,goodhart_baseline,0.6507,0.6988,0.2359,565.22,0.6776,0.0562,0.1298,0.6739,0.4087,0.9012,0.4081,0.3762,0.3744,0.0406
REP00124,Michael,Green,Michael Green,NovaWireless,General Support,Call Center,Customer Service Representative,False,30,30,senior,fraud_unwanted_calls,general_support,fraud_unwanted_calls,general_support,fraud_unwanted_calls|general_support|generalist,none_flagged,medium,0.1359,goodhart_baseline,0.6472,0.6214,0.2908,510.25,0.6797,0.1128,0.0219,0.6045,0.3635,0.8741,0.3425,0.302,0.2793,0.1299
REP00125,Isaiah,Ward,Isaiah Ward,NovaWireless,General Support,Call Center,Customer Service Representative,False,36,36,senior,network_service,porting_transfer,tech_support,porting_support,network_service|porting_transfer|generalist,none_flagged,medium,0.1359,goodhart_baseline,0.6729,0.7952,0.1843,586.98,0.6151,0.077,0.1416,0.6802,0.4611,0.8399,0.621,0.3055,0.3317,0.0782
REP00126,Kyle,Morales,Kyle Morales,NovaWireless,General Support,Call Center,Customer Service Representative,False,3,3,new,porting_transfer,fraud_unwanted_calls,porting_support,fraud_unwanted_calls,porting_transfer|fraud_unwanted_calls|generalist,misinformation_risk,medium,0.1359,goodhart_baseline,0.6237,0.6555,0.2786,504.41,0.78,0.0373,0.0313,0.6717,0.2952,0.9909,0.2199,0.1716,0.2808,0.3541
REP00127,Aaron,Powell,Aaron Powell,NovaWireless,General Support,Call Center,Customer Service Representative,False,14,14,mid,fraud_unwanted_calls,general_support,fraud_unwanted_calls,general_support,fraud_unwanted_calls|general_support|generalist,none_flagged,medium,0.1359,goodhart_baseline,0.5629,0.7053,0.2819,530.44,0.6533,0.0845,0.0941,0.6149,0.3519,0.9416,0.3236,0.2343,0.3069,0.2205
REP00128,Joseph,Turner,Joseph Turner,NovaWireless,General Support,Call Center,Customer Service Representative,False,36,36,senior,billing_resolution,fraud_unwanted_calls,billing_support,fraud_unwanted_calls,billing_resolution|fraud_unwanted_calls|generalist,none_flagged,medium,0.1359,goodhart_baseline,0.6735,0.7005,0.2038,544.24,0.8173,0.1324,0.0501,0.6287,0.4746,0.8835,0.4313,0.3216,0.3229,0.0365
REP00129,Gabriel,James,Gabriel James,NovaWireless,General Support,Call Center,Customer Service Representative,False,2,2,new,billing_resolution,device_support,billing_support,device_support,billing_resolution|device_support|generalist,misinformation_risk,medium,0.1359,goodhart_baseline,0.5771,0.71,0.2378,559.04,0.6662,0.0743,0.0752,0.6529,0.3608,0.7842,0.3295,0.2014,0.1831,0.2891
REP00130,Ava,Clark,Ava Clark,NovaWireless,General Support,Call Center,Customer Service Representative,False,33,33,senior,fraud_unwanted_calls,billing_resolution,fraud_unwanted_calls,billing_support,fraud_unwanted_calls|billing_resolution|generalist,none_flagged,medium,0.1359,goodhart_baseline,0.6367,0.8064,0.1251,507.58,0.6712,0.0249,0.0465,0.7241,0.3608,1.0,0.5425,0.2191,0.1947,0.1032
REP00131,Riley,Kelley,Riley Kelley,NovaWireless,General Support,Call Center,Customer Service Representative,False,66,66,senior,device_support,billing_resolution,device_support,billing_support,device_support|billing_resolution|generalist,none_flagged,medium,0.1359,goodhart_baseline,0.5938,0.6432,0.2188,483.33,0.5746,0.1297,0.1477,0.6165,0.3868,0.8596,0.3308,0.2963,0.2522,0.0947
REP00132,Anita,Morales,Anita Morales,NovaWireless,General Support,Call Center,Customer Service Representative,False,36,36,senior,device_support,billing_resolution,device_support,billing_support,device_support|billing_resolution|generalist,none_flagged,medium,0.1359,goodhart_baseline,0.716,0.6541,0.2833,561.09,0.6963,0.0876,0.082,0.6139,0.5011,0.7678,0.5923,0.2434,0.188,0.0316
REP00133,Hannah,Scott,Hannah Scott,NovaWireless,General Support,Call Center,Customer Service Representative,False,35,35,senior,billing_resolution,porting_transfer,billing_support,porting_support,billing_resolution|porting_transfer|generalist,none_flagged,medium,0.1359,goodhart_baseline,0.6121,0.6797,0.2259,530.97,0.7248,0.1319,0.1187,0.6078,0.3522,1.0,0.3181,0.2923,0.3032,0.0695
REP00134,Mia,Parker,Mia Parker,NovaWireless,General Support,Call Center,Customer Service Representative,False,36,36,senior,fraud_unwanted_calls,general_support,fraud_unwanted_calls,general_support,fraud_unwanted_calls|general_support|generalist,none_flagged,medium,0.1359,goodhart_baseline,0.6402,0.5562,0.316,572.17,0.622,0.1212,0.1266,0.55,0.5826,0.8518,0.4576,0.4388,0.4513,0.1303
REP00135,Derek,Ward,Derek Ward,NovaWireless,General Support,Call Center,Customer Service Representative,False,41,41,senior,network_service,fraud_unwanted_calls,tech_support,fraud_unwanted_calls,network_service|fraud_unwanted_calls|generalist,none_flagged,medium,0.1359,goodhart_baseline,0.5124,0.7755,0.1545,536.61,0.7399,0.0958,0.0748,0.6759,0.4597,0.8341,0.225,0.4284,0.4354,0.0649
REP00136,Cole,Price,Cole Price,NovaWireless,General Support,Call Center,Customer Service Representative,False,33,33,senior,network_service,device_support,tech_support,device_support,network_service|device_support|generalist,none_flagged,medium,0.1359,goodhart_baseline,0.5639,0.6303,0.3296,591.93,0.6861,0.1298,0.182,0.5162,0.5442,0.7815,0.6186,0.4201,0.4989,0.1489
REP00137,Avery,Hughes,Avery Hughes,NovaWireless,General Support,Call Center,Customer Service Representative,False,29,29,senior,fraud_unwanted_calls,billing_resolution,fraud_unwanted_calls,billing_support,fraud_unwanted_calls|billing_resolution|generalist,none_flagged,medium,0.1359,goodhart_baseline,0.6966,0.7875,0.2333,493.61,0.7602,0.068,0.1234,0.7343,0.2768,0.8702,0.1933,0.2247,0.2461,0.1244
REP00138,Ashley,Jackson,Ashley Jackson,NovaWireless,General Support,Call Center,Customer Service Representative,False,38,38,senior,fraud_unwanted_calls,network_service,fraud_unwanted_calls,tech_support,fraud_unwanted_calls|network_service|generalist,none_flagged,medium,0.1359,goodhart_baseline,0.615,0.6764,0.3279,525.49,0.5978,0.0835,0.0907,0.6263,0.4821,0.8351,0.6302,0.3632,0.3256,0.0734
REP00139,Samantha,Smith,Samantha Smith,NovaWireless,General Support,Call Center,Customer Service Representative,False,35,35,senior,billing_resolution,fraud_unwanted_calls,billing_support,fraud_unwanted_calls,billing_resolution|fraud_unwanted_calls|generalist,none_flagged,medium,0.1359,goodhart_baseline,0.4886,0.6728,0.3426,567.61,0.605,0.105,0.1642,0.5989,0.5792,0.7635,0.6386,0.3732,0.3703,0.0829
REP00140,Sarah,Walker,Sarah Walker,NovaWireless,General Support,Call Center,Customer Service Representative,False,5,5,new,billing_resolution,device_support,billing_support,device_support,billing_resolution|device_support|generalist,misinformation_risk,medium,0.1359,goodhart_baseline,0.6345,0.6592,0.2571,532.58,0.6984,0.055,0.0689,0.6325,0.4872,0.8056,0.36,0.3168,0.3143,0.3886
REP00141,Leah,Stewart,Leah Stewart,NovaWireless,General Support,Call Center,Customer Service Representative,False,37,37,senior,fraud_unwanted_calls,network_service,fraud_unwanted_calls,tech_support,fraud_unwanted_calls|network_service|generalist,none_flagged,medium,0.1359,goodhart_baseline,0.661,0.6671,0.2709,514.95,0.7067,0.0813,0.0366,0.6286,0.298,0.9766,0.3402,0.305,0.2546,0.0145
REP00142,Amir,Stewart,Amir Stewart,NovaWireless,General Support,Call Center,Customer Service Representative,False,90,90,senior,fraud_unwanted_calls,billing_resolution,fraud_unwanted_calls,billing_support,fraud_unwanted_calls|billing_resolution|generalist,none_flagged,medium,0.1359,goodhart_baseline,0.6824,0.6405,0.3205,488.26,0.6881,0.062,0.0958,0.7221,0.366,0.992,0.5309,0.2304,0.1964,0.0513
REP00143,Hailey,Ramirez,Hailey Ramirez,NovaWireless,General Support,Call Center,Customer Service Representative,False,23,23,senior,general_support,device_support,general_support,device_support,general_support|device_support|generalist,none_flagged,medium,0.1359,goodhart_baseline,0.6121,0.7507,0.1998,566.47,0.6609,0.0361,0.1417,0.608,0.5143,0.8847,0.5343,0.3023,0.3959,0.1763
REP00144,Amy,Sanders,Amy Sanders,NovaWireless,General Support,Call Center,Customer Service Representative,False,29,29,senior,fraud_unwanted_calls,billing_resolution,fraud_unwanted_calls,billing_support,fraud_unwanted_calls|billing_resolution|generalist,none_flagged,medium,0.1359,goodhart_baseline,0.6833,0.6972,0.267,476.51,0.785,0.0287,0.1106,0.714,0.2192,1.0,0.554,0.2531,0.2884,0.0772
REP00145,Amy,Castillo,Amy Castillo,NovaWireless,General Support,Call Center,Customer Service Representative,False,2,2,new,network_service,porting_transfer,tech_support,porting_support,network_service|porting_transfer|generalist,misinformation_risk,medium,0.1359,goodhart_baseline,0.6673,0.6092,0.3316,575.16,0.6484,0.0437,0.0614,0.6565,0.4978,0.7915,0.5233,0.3553,0.3635,0.389
REP00146,Sarah,Evans,Sarah Evans,NovaWireless,General Support,Call Center,Customer Service Representative,False,28,28,senior,network_service,billing_resolution,tech_support,billing_support,network_service|billing_resolution|generalist,none_flagged,medium,0.1359,goodhart_baseline,0.5775,0.7189,0.2857,548.76,0.7239,0.1189,0.0815,0.6313,0.3549,0.961,0.3196,0.3344,0.2392,0.0006
REP00147,Grace,Young,Grace Young,NovaWireless,General Support,Call Center,Customer Service Representative,False,58,58,senior,general_support,network_service,general_support,tech_support,general_support|network_service|generalist,gaming_prone,medium,0.1359,goodhart_baseline,0.5254,0.7258,0.2222,559.64,0.6253,0.148,0.117,0.6233,0.5283,0.794,0.4029,0.4703,0.53,0.0347
REP00148,Makayla,Hughes,Makayla Hughes,NovaWireless,General Support,Call Center,Customer Service Representative,False,2,2,new,device_support,billing_resolution,device_support,billing_support,device_support|billing_resolution|generalist,misinformation_risk,medium,0.1359,goodhart_baseline,0.6171,0.7634,0.1872,539.16,0.5991,0.1223,0.1369,0.7166,0.435,0.8777,0.4628,0.3614,0.3344,0.2924
REP00149,Lucy,Castillo,Lucy Castillo,NovaWireless,General Support,Call Center,Customer Service Representative,False,31,31,senior,billing_resolution,fraud_unwanted_calls,billing_support,fraud_unwanted_calls,billing_resolution|fraud_unwanted_calls|generalist,none_flagged,medium,0.1359,goodhart_baseline,0.5871,0.7316,0.1986,545.02,0.6335,0.1074,0.1952,0.6174,0.5039,0.8238,0.7313,0.3636,0.3286,0.1503
REP00150,Kevin,Carter,Kevin Carter,NovaWireless,General Support,Call Center,Customer Service Representative,False,26,26,senior,fraud_unwanted_calls,device_support,fraud_unwanted_calls,device_support,fraud_unwanted_calls|device_support|generalist,none_flagged,medium,0.1359,goodhart_baseline,0.6328,0.6858,0.2861,535.61,0.6587,0.0361,0.1392,0.7226,0.3468,0.9802,0.3902,0.3006,0.2652,0.0619
REP00151,Megan,Cox,Megan Cox,NovaWireless,General Support,Call Center,Customer Service Representative,False,38,38,senior,porting_transfer,fraud_unwanted_calls,porting_support,fraud_unwanted_calls,porting_transfer|fraud_unwanted_calls|generalist,none_flagged,medium,0.1359,goodhart_baseline,0.6296,0.7305,0.2445,542.13,0.6768,0.0314,0.0677,0.6851,0.4729,0.879,0.5639,0.3023,0.2769,0.0782
REP00152,Aaliyah,Watson,Aaliyah Watson,NovaWireless,General Support,Call Center,Customer Service Representative,False,32,32,senior,billing_resolution,fraud_unwanted_calls,billing_support,fraud_unwanted_calls,billing_resolution|fraud_unwanted_calls|generalist,none_flagged,medium,0.1359,goodhart_baseline,0.7068,0.8213,0.2118,552.27,0.6479,0.1816,0.1311,0.777,0.3493,0.984,0.3979,0.2927,0.3295,0.0508
REP00153,Jada,Lee,Jada Lee,NovaWireless,General Support,Call Center,Customer Service Representative,False,26,26,senior,fraud_unwanted_calls,network_service,fraud_unwanted_calls,tech_support,fraud_unwanted_calls|network_service|generalist,none_flagged,medium,0.1359,goodhart_baseline,0.7708,0.774,0.1493,572.27,0.6563,0.1019,0.0403,0.713,0.34,0.8536,0.4596,0.2738,0.2298,0.0499
REP00154,Diego,Thompson,Diego Thompson,NovaWireless,General Support,Call Center,Customer Service Representative,False,26,26,senior,fraud_unwanted_calls,general_support,fraud_unwanted_calls,general_support,fraud_unwanted_calls|general_support|generalist,none_flagged,medium,0.1359,goodhart_baseline,0.6224,0.6922,0.1715,530.92,0.7267,0.1373,0.0665,0.5952,0.3603,0.9323,0.5245,0.2735,0.2197,0.0992
REP00155,Jessica,Kaur,Jessica Kaur,NovaWireless,General Support,Call Center,Customer Service Representative,False,35,35,senior,porting_transfer,device_support,porting_support,device_support,porting_transfer|device_support|generalist,none_flagged,medium,0.1359,goodhart_baseline,0.4712,0.7478,0.2182,572.72,0.6042,0.0107,0.1231,0.6104,0.5467,0.8048,0.4918,0.4677,0.4915,0.0945
REP00156,Maria,Baker,Maria Baker,NovaWireless,General Support,Call Center,Customer Service Representative,False,51,51,senior,fraud_unwanted_calls,billing_resolution,fraud_unwanted_calls,billing_support,fraud_unwanted_calls|billing_resolution|generalist,none_flagged,medium,0.1359,goodhart_baseline,0.5111,0.6564,0.2643,564.33,0.6192,0.1393,0.1322,0.528,0.5694,0.633,0.5978,0.3613,0.4152,0.137
REP00157,Alexander,Carter,Alexander Carter,NovaWireless,General Support,Call Center,Customer Service Representative,False,5,5,new,general_support,network_service,general_support,tech_support,general_support|network_service|generalist,misinformation_risk,medium,0.1359,goodhart_baseline,0.5705,0.693,0.1869,533.47,0.6925,0.0539,0.1167,0.7298,0.393,0.9433,0.4525,0.2011,0.1866,0.3903
REP00158,Owen,Ruiz,Owen Ruiz,NovaWireless,General Support,Call Center,Customer Service Representative,False,64,64,senior,billing_resolution,porting_transfer,billing_support,porting_support,billing_resolution|porting_transfer|generalist,none_flagged,medium,0.1359,goodhart_baseline,0.753,0.7283,0.2393,523.56,0.7414,0.0359,0.1175,0.7896,0.274,1.0,0.4242,0.3094,0.3347,0.0
REP00159,Ava,Cook,Ava Cook,NovaWireless,General Support,Call Center,Customer Service Representative,False,28,28,senior,fraud_unwanted_calls,general_support,fraud_unwanted_calls,general_support,fraud_unwanted_calls|general_support|generalist,none_flagged,medium,0.1359,goodhart_baseline,0.6298,0.511,0.4308,575.8,0.6717,0.0418,0.0292,0.5109,0.4889,0.8434,0.8202,0.3538,0.3678,0.0418
REP00160,Isabella,Jenkins,Isabella Jenkins,NovaWireless,General Support,Call Center,Customer Service Representative,False,28,28,senior,network_service,fraud_unwanted_calls,tech_support,fraud_unwanted_calls,network_service|fraud_unwanted_calls|generalist,none_flagged,medium,0.1359,goodhart_baseline,0.6267,0.7118,0.2948,510.86,0.6541,0.0679,0.0859,0.6717,0.5016,0.6683,0.5779,0.3078,0.3519,0.1019
REP00161,Adrian,Baker,Adrian Baker,NovaWireless,General Support,Call Center,Customer Service Representative,False,35,35,senior,fraud_unwanted_calls,billing_resolution,fraud_unwanted_calls,billing_support,fraud_unwanted_calls|billing_resolution|generalist,none_flagged,medium,0.1359,goodhart_baseline,0.6195,0.7116,0.2056,521.28,0.5848,0.0546,0.1402,0.6725,0.3585,0.8688,0.5742,0.1987,0.2207,0.112
REP00162,Connor,Martin,Connor Martin,NovaWireless,General Support,Call Center,Customer Service Representative,False,31,31,senior,fraud_unwanted_calls,general_support,fraud_unwanted_calls,general_support,fraud_unwanted_calls|general_support|generalist,none_flagged,medium,0.1359,goodhart_baseline,0.6534,0.7811,0.1419,517.72,0.7161,0.0932,0.1036,0.6777,0.3631,0.8792,0.393,0.3707,0.4604,0.0625
REP00163,Kyle,Stewart,Kyle Stewart,NovaWireless,General Support,Call Center,Customer Service Representative,False,35,35,senior,billing_resolution,fraud_unwanted_calls,billing_support,fraud_unwanted_calls,billing_resolution|fraud_unwanted_calls|generalist,none_flagged,medium,0.1359,goodhart_baseline,0.6246,0.7907,0.2197,479.85,0.6895,0.0682,0.1028,0.6841,0.2934,1.0,0.3164,0.3657,0.4151,0.1298
REP00164,Amir,Sanchez,Amir Sanchez,NovaWireless,General Support,Call Center,Customer Service Representative,False,15,15,mid,fraud_unwanted_calls,billing_resolution,fraud_unwanted_calls,billing_support,fraud_unwanted_calls|billing_resolution|generalist,none_flagged,medium,0.1359,goodhart_baseline,0.6999,0.5748,0.3369,519.21,0.7369,0.0532,0.0283,0.5843,0.3133,0.9465,0.6566,0.3292,0.2506,0.2101
REP00165,Jackson,Collins,Jackson Collins,NovaWireless,General Support,Call Center,Customer Service Representative,False,38,38,senior,fraud_unwanted_calls,billing_resolution,fraud_unwanted_calls,billing_support,fraud_unwanted_calls|billing_resolution|generalist,none_flagged,medium,0.1359,goodhart_baseline,0.5184,0.6846,0.2236,527.11,0.5825,0.092,0.1316,0.641,0.4015,1.0,0.4532,0.2362,0.2857,0.0958
REP00166,Oliver,Cooper,Oliver Cooper,NovaWireless,General Support,Call Center,Customer Service Representative,False,37,37,senior,general_support,device_support,general_support,device_support,general_support|device_support|generalist,none_flagged,medium,0.1359,goodhart_baseline,0.644,0.7065,0.2529,586.72,0.6574,0.092,0.1,0.6472,0.5309,0.816,0.4435,0.2902,0.3312,0.1534
REP00167,Samantha,Morales,Samantha Morales,NovaWireless,General Support,Call Center,Customer Service Representative,False,24,24,senior,network_service,billing_resolution,tech_support,billing_support,network_service|billing_resolution|generalist,none_flagged,medium,0.1359,goodhart_baseline,0.6125,0.7332,0.2855,510.37,0.6144,0.1068,0.1468,0.6068,0.354,0.8848,0.4474,0.2828,0.2892,0.1089
REP00168,Nicholas,Taylor,Nicholas Taylor,NovaWireless,General Support,Call Center,Customer Service Representative,False,29,29,senior,billing_resolution,device_support,billing_support,device_support,billing_resolution|device_support|generalist,none_flagged,medium,0.1359,goodhart_baseline,0.5704,0.7638,0.2165,512.6,0.7047,0.0814,0.0828,0.6592,0.3272,0.9176,0.6023,0.3983,0.4591,0.1256
REP00169,Madison,Ross,Madison Ross,NovaWireless,General Support,Call Center,Customer Service Representative,False,2,2,new,billing_resolution,network_service,billing_support,tech_support,billing_resolution|network_service|generalist,misinformation_risk,medium,0.1359,goodhart_baseline,0.7324,0.7309,0.1976,534.76,0.6271,0.0404,0.0705,0.7199,0.4831,0.7679,0.6279,0.3351,0.2873,0.3646
REP00170,Catherine,Thompson,Catherine Thompson,NovaWireless,General Support,Call Center,Customer Service Representative,False,23,23,senior,fraud_unwanted_calls,billing_resolution,fraud_unwanted_calls,billing_support,fraud_unwanted_calls|billing_resolution|generalist,none_flagged,medium,0.1359,goodhart_baseline,0.641,0.6547,0.2739,517.92,0.7853,0.01,0.1277,0.6473,0.3759,0.9454,0.6296,0.3158,0.3915,0.1671
REP00171,Natalie,Shah,Natalie Shah,NovaWireless,General Support,Call Center,Customer Service Representative,False,87,87,senior,billing_resolution,network_service,billing_support,tech_support,billing_resolution|network_service|generalist,none_flagged,medium,0.1359,goodhart_baseline,0.6226,0.7567,0.2138,556.47,0.5564,0.0765,0.0335,0.6503,0.381,0.9237,0.4983,0.1614,0.1315,0.1014
REP00172,Jack,Kim,Jack Kim,NovaWireless,General Support,Call Center,Customer Service Representative,False,22,22,senior,fraud_unwanted_calls,billing_resolution,fraud_unwanted_calls,billing_support,fraud_unwanted_calls|billing_resolution|generalist,none_flagged,medium,0.1359,goodhart_baseline,0.6121,0.6973,0.1849,561.16,0.669,0.1217,0.1287,0.7063,0.546,0.8408,0.4897,0.4136,0.4595,0.1783
REP00173,Christina,Khan,Christina Khan,NovaWireless,General Support,Call Center,Customer Service Representative,False,37,37,senior,billing_resolution,network_service,billing_support,tech_support,billing_resolution|network_service|generalist,none_flagged,medium,0.1359,goodhart_baseline,0.6649,0.6572,0.3179,549.7,0.6465,0.1287,0.084,0.6365,0.3995,0.8348,0.491,0.2117,0.2091,0.0682
REP00174,Adrian,Gupta,Adrian Gupta,NovaWireless,General Support,Call Center,Customer Service Representative,False,10,10,mid,billing_resolution,general_support,billing_support,general_support,billing_resolution|general_support|generalist,misinformation_risk,medium,0.1359,goodhart_baseline,0.603,0.5895,0.3557,550.11,0.6405,0.0847,0.1236,0.5518,0.5088,0.9169,0.384,0.4045,0.4231,0.2989
REP00175,Catherine,Castillo,Catherine Castillo,NovaWireless,General Support,Call Center,Customer Service Representative,False,29,29,senior,billing_resolution,network_service,billing_support,tech_support,billing_resolution|network_service|generalist,none_flagged,medium,0.1359,goodhart_baseline,0.6235,0.6701,0.1983,549.39,0.6652,0.052,0.1763,0.6351,0.4326,0.8602,0.5208,0.3284,0.3855,0.1781
REP00176,John,Stewart,John Stewart,NovaWireless,General Support,Call Center,Customer Service Representative,False,5,5,new,device_support,billing_resolution,device_support,billing_support,device_support|billing_resolution|generalist,misinformation_risk,medium,0.1359,goodhart_baseline,0.6298,0.7784,0.1679,524.65,0.8074,0.0147,0.1294,0.7223,0.1776,1.0,0.151,0.1819,0.1862,0.2936
REP00177,Clara,Hernandez,Clara Hernandez,NovaWireless,General Support,Call Center,Customer Service Representative,False,31,31,senior,billing_resolution,device_support,billing_support,device_support,billing_resolution|device_support|generalist,none_flagged,medium,0.1359,goodhart_baseline,0.665,0.7613,0.1539,543.62,0.637,0.0692,0.0391,0.6792,0.3797,0.9606,0.3949,0.3251,0.2895,0.0903
REP00178,Jayden,Hill,Jayden Hill,NovaWireless,General Support,Call Center,Customer Service Representative,False,32,32,senior,porting_transfer,fraud_unwanted_calls,porting_support,fraud_unwanted_calls,porting_transfer|fraud_unwanted_calls|generalist,none_flagged,medium,0.1359,goodhart_baseline,0.6052,0.6034,0.3253,562.35,0.6871,0.0774,0.0871,0.6304,0.4528,0.926,0.683,0.3425,0.2901,0.1137
REP00179,Jasmine,Kaur,Jasmine Kaur,NovaWireless,General Support,Call Center,Customer Service Representative,False,25,25,senior,fraud_unwanted_calls,network_service,fraud_unwanted_calls,tech_support,fraud_unwanted_calls|network_service|generalist,none_flagged,medium,0.1359,goodhart_baseline,0.6092,0.8106,0.1254,569.32,0.7857,0.0409,0.1259,0.706,0.3103,1.0,0.412,0.291,0.2547,0.1414
REP00180,Alex,Martinez,Alex Martinez,NovaWireless,General Support,Call Center,Customer Service Representative,False,42,42,senior,general_support,billing_resolution,general_support,billing_support,general_support|billing_resolution|generalist,none_flagged,medium,0.1359,goodhart_baseline,0.6537,0.5713,0.2932,524.47,0.6961,0.0316,0.0786,0.5857,0.4876,0.9497,0.418,0.2908,0.2944,0.0278
REP00181,Noah,Anderson,Noah Anderson,NovaWireless,General Support,Call Center,Customer Service Representative,False,28,28,senior,device_support,network_service,device_support,tech_support,device_support|network_service|generalist,none_flagged,medium,0.1359,goodhart_baseline,0.6217,0.6718,0.2192,525.54,0.7658,0.01,0.014,0.7052,0.3102,0.9772,0.4235,0.18,0.2292,0.1048
REP00182,Tyler,Johnson,Tyler Johnson,NovaWireless,General Support,Call Center,Customer Service Representative,False,22,22,senior,billing_resolution,fraud_unwanted_calls,billing_support,fraud_unwanted_calls,billing_resolution|fraud_unwanted_calls|generalist,none_flagged,medium,0.1359,goodhart_baseline,0.6228,0.6166,0.2485,530.24,0.618,0.0397,0.1013,0.6632,0.4304,0.9691,0.6588,0.2846,0.2525,0.1128
REP00183,Megan,Diaz,Megan Diaz,NovaWireless,General Support,Call Center,Customer Service Representative,False,37,37,senior,general_support,network_service,general_support,tech_support,general_support|network_service|generalist,none_flagged,medium,0.1359,goodhart_baseline,0.5658,0.6891,0.2587,559.6,0.6745,0.0128,0.1414,0.6466,0.4609,0.8205,0.5885,0.3363,0.3338,0.1013
REP00184,Caroline,Edwards,Caroline Edwards,NovaWireless,General Support,Call Center,Customer Service Representative,False,32,32,senior,billing_resolution,device_support,billing_support,device_support,billing_resolution|device_support|generalist,none_flagged,medium,0.1359,goodhart_baseline,0.7605,0.7501,0.2133,490.47,0.7965,0.0731,0.0504,0.7555,0.2871,0.9942,0.4126,0.2627,0.2918,0.0898
REP00185,Tyler,Richardson,Tyler Richardson,NovaWireless,General Support,Call Center,Customer Service Representative,False,29,29,senior,porting_transfer,general_support,porting_support,general_support,porting_transfer|general_support|generalist,none_flagged,medium,0.1359,goodhart_baseline,0.5654,0.6642,0.2354,583.73,0.7007,0.0879,0.194,0.5317,0.5286,0.9163,0.5297,0.4389,0.4576,0.2416
REP00186,Paul,Baker,Paul Baker,NovaWireless,General Support,Call Center,Customer Service Representative,False,41,41,senior,device_support,network_service,device_support,tech_support,device_support|network_service|generalist,none_flagged,medium,0.1359,goodhart_baseline,0.6289,0.7313,0.2885,544.04,0.674,0.1252,0.1439,0.7182,0.4057,0.9164,0.433,0.2983,0.3004,0.0933
REP00187,Kimberly,Walker,Kimberly Walker,NovaWireless,General Support,Call Center,Customer Service Representative,False,30,30,senior,fraud_unwanted_calls,general_support,fraud_unwanted_calls,general_support,fraud_unwanted_calls|general_support|generalist,none_flagged,medium,0.1359,goodhart_baseline,0.5555,0.6671,0.2097,582.74,0.6359,0.0949,0.0538,0.6423,0.4738,0.8834,0.427,0.4187,0.4207,0.0598
REP00188,Caleb,Gupta,Caleb Gupta,NovaWireless,General Support,Call Center,Customer Service Representative,False,36,36,senior,billing_resolution,network_service,billing_support,tech_support,billing_resolution|network_service|generalist,none_flagged,medium,0.1359,goodhart_baseline,0.611,0.8737,0.1618,513.94,0.6338,0.0678,0.1557,0.8008,0.392,0.8035,0.3532,0.2126,0.0974,0.0882
REP00189,Courtney,Edwards,Courtney Edwards,NovaWireless,General Support,Call Center,Customer Service Representative,False,38,38,senior,general_support,device_support,general_support,device_support,general_support|device_support|generalist,none_flagged,medium,0.1359,goodhart_baseline,0.6307,0.7311,0.2079,555.34,0.5654,0.0732,0.1006,0.6801,0.4212,0.8001,0.5372,0.3352,0.2862,0.1678
REP00190,Kimberly,Kaur,Kimberly Kaur,NovaWireless,General Support,Call Center,Customer Service Representative,False,31,31,senior,porting_transfer,general_support,porting_support,general_support,porting_transfer|general_support|generalist,none_flagged,medium,0.1359,goodhart_baseline,0.566,0.769,0.1752,515.63,0.7071,0.0887,0.0402,0.7436,0.4064,0.9707,0.3358,0.4031,0.4028,0.1048
REP00191,Elijah,Patel,Elijah Patel,NovaWireless,General Support,Call Center,Customer Service Representative,False,38,38,senior,fraud_unwanted_calls,general_support,fraud_unwanted_calls,general_support,fraud_unwanted_calls|general_support|generalist,none_flagged,medium,0.1359,goodhart_baseline,0.6476,0.6858,0.1996,562.41,0.6114,0.0864,0.0818,0.6485,0.5519,0.8351,0.5465,0.3863,0.4452,0.1539
REP00192,Noah,Foster,Noah Foster,NovaWireless,General Support,Call Center,Customer Service Representative,False,117,117,senior,network_service,porting_transfer,tech_support,porting_support,network_service|porting_transfer|generalist,none_flagged,medium,0.1359,goodhart_baseline,0.6816,0.7084,0.2346,492.13,0.7587,0.1277,0.0922,0.7339,0.3371,1.0,0.3935,0.2595,0.2537,0.1065
REP00193,Sebastian,Hernandez,Sebastian Hernandez,NovaWireless,General Support,Call Center,Customer Service Representative,False,23,23,senior,fraud_unwanted_calls,billing_resolution,fraud_unwanted_calls,billing_support,fraud_unwanted_calls|billing_resolution|generalist,none_flagged,high,0.1359,goodhart_baseline,0.626,0.6739,0.2881,574.15,0.6047,0.01,0.1035,0.5576,0.6023,0.6731,0.8368,0.3559,0.3918,0.1755
REP00194,Quinn,Diaz,Quinn Diaz,NovaWireless,General Support,Call Center,Customer Service Representative,False,31,31,senior,fraud_unwanted_calls,general_support,fraud_unwanted_calls,general_support,fraud_unwanted_calls|general_support|generalist,none_flagged,medium,0.1359,goodhart_baseline,0.6158,0.703,0.228,538.45,0.7742,0.1282,0.113,0.7553,0.2939,1.0,0.46,0.156,0.1098,0.0
REP00195,Bailey,Walker,Bailey Walker,NovaWireless,General Support,Call Center,Customer Service Representative,False,24,24,senior,network_service,billing_resolution,tech_support,billing_support,network_service|billing_resolution|generalist,none_flagged,medium,0.1359,goodhart_baseline,0.6255,0.7238,0.2541,518.05,0.7545,0.0376,0.1157,0.7219,0.3003,1.0,0.2466,0.2433,0.264,0.0939
REP00196,William,Stewart,William Stewart,NovaWireless,General Support,Call Center,Customer Service Representative,False,28,28,senior,network_service,device_support,tech_support,device_support,network_service|device_support|generalist,none_flagged,medium,0.1359,goodhart_baseline,0.4491,0.6514,0.3238,581.17,0.6118,0.12,0.175,0.4884,0.5469,0.8635,0.6188,0.2623,0.2436,0.2007
REP00197,Jordan,Lopez,Jordan Lopez,NovaWireless,General Support,Call Center,Customer Service Representative,False,84,84,senior,device_support,network_service,device_support,tech_support,device_support|network_service|generalist,none_flagged,medium,0.1359,goodhart_baseline,0.6271,0.6778,0.2154,503.05,0.7487,0.139,0.0702,0.6406,0.3414,0.8366,0.3139,0.241,0.2006,0.0677
REP00198,Thomas,Morales,Thomas Morales,NovaWireless,General Support,Call Center,Customer Service Representative,False,3,3,new,billing_resolution,fraud_unwanted_calls,billing_support,fraud_unwanted_calls,billing_resolution|fraud_unwanted_calls|generalist,misinformation_risk,medium,0.1359,goodhart_baseline,0.6461,0.683,0.3171,543.05,0.6778,0.109,0.13,0.7336,0.4844,0.8301,0.5629,0.323,0.3591,0.4108
REP00199,David,Nelson,David Nelson,NovaWireless,General Support,Call Center,Customer Service Representative,False,22,22,senior,billing_resolution,fraud_unwanted_calls,billing_support,fraud_unwanted_calls,billing_resolution|fraud_unwanted_calls|generalist,none_flagged,medium,0.1359,goodhart_baseline,0.5774,0.7147,0.2701,536.6,0.6683,0.0241,0.1386,0.5592,0.54,0.8056,0.4896,0.4096,0.3895,0.1092
REP00200,Hailey,Collins,Hailey Collins,NovaWireless,General Support,Call Center,Customer Service Representative,False,39,39,senior,billing_resolution,fraud_unwanted_calls,billing_support,fraud_unwanted_calls,billing_resolution|fraud_unwanted_calls|generalist,none_flagged,medium,0.1359,goodhart_baseline,0.627,0.6637,0.322,539.35,0.7018,0.0901,0.0689,0.6143,0.418,1.0,0.4556,0.2928,0.2869,0.0846
REP00201,Jose,Bennett,Jose Bennett,NovaWireless,General Support,Call Center,Customer Service Representative,False,29,29,senior,fraud_unwanted_calls,billing_resolution,fraud_unwanted_calls,billing_support,fraud_unwanted_calls|billing_resolution|generalist,none_flagged,medium,0.1359,goodhart_baseline,0.6674,0.761,0.1994,555.77,0.606,0.0963,0.0789,0.7095,0.4381,0.9714,0.5107,0.2684,0.2396,0.122
REP00202,Mateo,Jenkins,Mateo Jenkins,NovaWireless,General Support,Call Center,Customer Service Representative,False,32,32,senior,fraud_unwanted_calls,device_support,fraud_unwanted_calls,device_support,fraud_unwanted_calls|device_support|generalist,none_flagged,medium,0.1359,goodhart_baseline,0.5865,0.822,0.191,530.85,0.594,0.0209,0.0924,0.6978,0.3816,0.9512,0.4106,0.29,0.3323,0.0828
REP00203,Samantha,Shah,Samantha Shah,NovaWireless,General Support,Call Center,Customer Service Representative,False,24,24,senior,fraud_unwanted_calls,network_service,fraud_unwanted_calls,tech_support,fraud_unwanted_calls|network_service|generalist,none_flagged,medium,0.1359,goodhart_baseline,0.6438,0.6257,0.3735,523.81,0.6231,0.0899,0.0738,0.574,0.396,0.908,0.4499,0.2378,0.2331,0.102
REP00204,Jeremiah,Cox,Jeremiah Cox,NovaWireless,General Support,Call Center,Customer Service Representative,False,32,32,senior,billing_resolution,fraud_unwanted_calls,billing_support,fraud_unwanted_calls,billing_resolution|fraud_unwanted_calls|generalist,none_flagged,medium,0.1359,goodhart_baseline,0.6271,0.6825,0.211,542.33,0.6618,0.1175,0.1426,0.6449,0.4637,0.9121,0.5792,0.2393,0.3168,0.1387
REP00205,Hazel,Brooks,Hazel Brooks,NovaWireless,General Support,Call Center,Customer Service Representative,False,33,33,senior,general_support,fraud_unwanted_calls,general_support,fraud_unwanted_calls,general_support|fraud_unwanted_calls|generalist,none_flagged,medium,0.1359,goodhart_baseline,0.6601,0.6413,0.2971,490.84,0.6339,0.0475,0.0751,0.6677,0.3333,0.9753,0.402,0.2409,0.2352,0.1026
REP00206,Michelle,Butler,Michelle Butler,NovaWireless,General Support,Call Center,Customer Service Representative,False,43,43,senior,billing_resolution,network_service,billing_support,tech_support,billing_resolution|network_service|generalist,none_flagged,medium,0.1359,goodhart_baseline,0.7313,0.8147,0.146,554.78,0.7504,0.0887,0.1235,0.6111,0.5086,0.8656,0.6697,0.3802,0.3775,0.0737
REP00207,Anthony,Cooper,Anthony Cooper,NovaWireless,General Support,Call Center,Customer Service Representative,False,43,43,senior,fraud_unwanted_calls,general_support,fraud_unwanted_calls,general_support,fraud_unwanted_calls|general_support|generalist,none_flagged,medium,0.1359,goodhart_baseline,0.5864,0.6503,0.2628,524.55,0.7914,0.0236,0.0902,0.5974,0.295,1.0,0.1821,0.2135,0.265,0.0
REP00208,Brianna,Howard,Brianna Howard,NovaWireless,General Support,Call Center,Customer Service Representative,False,1,1,new,network_service,fraud_unwanted_calls,tech_support,fraud_unwanted_calls,network_service|fraud_unwanted_calls|generalist,misinformation_risk,medium,0.1359,goodhart_baseline,0.7448,0.7217,0.3226,547.04,0.7063,0.0741,0.0704,0.7394,0.3664,0.9779,0.5182,0.2695,0.2649,0.3652
REP00209,Michael,Harris,Michael Harris,NovaWireless,General Support,Call Center,Customer Service Representative,False,25,25,senior,general_support,billing_resolution,general_support,billing_support,general_support|billing_resolution|generalist,none_flagged,medium,0.1359,goodhart_baseline,0.6217,0.6522,0.3241,587.66,0.7324,0.1476,0.1565,0.5971,0.4549,0.9126,0.6286,0.2828,0.3469,0.1031
REP00210,Benjamin,Kaur,Benjamin Kaur,NovaWireless,General Support,Call Center,Customer Service Representative,False,37,37,senior,porting_transfer,fraud_unwanted_calls,porting_support,fraud_unwanted_calls,porting_transfer|fraud_unwanted_calls|generalist,none_flagged,medium,0.1359,goodhart_baseline,0.6791,0.7088,0.2521,516.7,0.706,0.0439,0.0989,0.5815,0.358,0.9672,0.4622,0.2382,0.3634,0.087
REP00211,Clara,Scott,Clara Scott,NovaWireless,General Support,Call Center,Customer Service Representative,False,23,23,senior,network_service,general_support,tech_support,general_support,network_service|general_support|generalist,none_flagged,medium,0.1359,goodhart_baseline,0.6561,0.6972,0.2749,558.09,0.6444,0.0557,0.0932,0.6705,0.4498,0.877,0.7343,0.371,0.4097,0.1128
REP00212,Amelia,Harris,Amelia Harris,NovaWireless,General Support,Call Center,Customer Service Representative,False,42,42,senior,general_support,fraud_unwanted_calls,general_support,fraud_unwanted_calls,general_support|fraud_unwanted_calls|generalist,none_flagged,medium,0.1359,goodhart_baseline,0.6211,0.7214,0.2712,496.74,0.7116,0.01,0.021,0.6153,0.3169,1.0,0.4961,0.2746,0.2497,0.0934
REP00213,Julia,Richardson,Julia Richardson,NovaWireless,General Support,Call Center,Customer Service Representative,False,38,38,senior,billing_resolution,porting_transfer,billing_support,porting_support,billing_resolution|porting_transfer|generalist,none_flagged,medium,0.1359,goodhart_baseline,0.684,0.6698,0.3079,579.61,0.6693,0.0232,0.1413,0.6027,0.3928,0.9092,0.5491,0.239,0.1891,0.1007
REP00214,Adam,Roberts,Adam Roberts,NovaWireless,General Support,Call Center,Customer Service Representative,False,2,2,new,network_service,fraud_unwanted_calls,tech_support,fraud_unwanted_calls,network_service|fraud_unwanted_calls|generalist,misinformation_risk,medium,0.1359,goodhart_baseline,0.6522,0.8165,0.2044,504.29,0.6205,0.024,0.0741,0.767,0.4578,0.7104,0.3458,0.2848,0.2911,0.3708
REP00215,Connor,Wong,Connor Wong,NovaWireless,General Support,Call Center,Customer Service Representative,False,18,18,mid,billing_resolution,fraud_unwanted_calls,billing_support,fraud_unwanted_calls,billing_resolution|fraud_unwanted_calls|generalist,none_flagged,medium,0.1359,goodhart_baseline,0.6218,0.786,0.2086,541.49,0.6942,0.0551,0.1318,0.6981,0.3812,0.8966,0.401,0.2376,0.2623,0.0906
REP00216,Samuel,Richardson,Samuel Richardson,NovaWireless,General Support,Call Center,Customer Service Representative,False,36,36,senior,general_support,fraud_unwanted_calls,general_support,fraud_unwanted_calls,general_support|fraud_unwanted_calls|generalist,none_flagged,medium,0.1359,goodhart_baseline,0.6338,0.7308,0.2477,572.63,0.6262,0.1012,0.1181,0.6822,0.4301,0.9188,0.5877,0.3416,0.3061,0.1158
REP00217,Mason,Khan,Mason Khan,NovaWireless,General Support,Call Center,Customer Service Representative,False,25,25,senior,network_service,billing_resolution,tech_support,billing_support,network_service|billing_resolution|generalist,none_flagged,medium,0.1359,goodhart_baseline,0.7054,0.6629,0.2844,548.85,0.7274,0.0523,0.0443,0.7095,0.3516,0.9568,0.5179,0.23,0.2498,0.0862
REP00218,Nicholas,Lee,Nicholas Lee,NovaWireless,General Support,Call Center,Customer Service Representative,False,78,78,senior,network_service,device_support,tech_support,device_support,network_service|device_support|generalist,none_flagged,medium,0.1359,goodhart_baseline,0.5776,0.7559,0.1161,578.84,0.5925,0.0848,0.0984,0.6101,0.4382,0.852,0.5435,0.3259,0.2243,0.0249
REP00219,Anita,Wong,Anita Wong,NovaWireless,General Support,Call Center,Customer Service Representative,False,33,33,senior,billing_resolution,fraud_unwanted_calls,billing_support,fraud_unwanted_calls,billing_resolution|fraud_unwanted_calls|generalist,none_flagged,medium,0.1359,goodhart_baseline,0.6645,0.7465,0.2172,530.63,0.7771,0.0559,0.0782,0.7066,0.3122,0.9401,0.4145,0.3046,0.3414,0.0754
REP00220,Diana,Patel,Diana Patel,NovaWireless,General Support,Call Center,Customer Service Representative,False,179,179,senior,network_service,fraud_unwanted_calls,tech_support,fraud_unwanted_calls,network_service|fraud_unwanted_calls|generalist,none_flagged,medium,0.1359,goodhart_baseline,0.6074,0.7365,0.2071,590.21,0.5814,0.0484,0.1025,0.6422,0.4653,0.9679,0.46,0.3244,0.2868,0.0852
REP00221,Paul,Reed,Paul Reed,NovaWireless,General Support,Call Center,Customer Service Representative,False,42,42,senior,general_support,porting_transfer,general_support,porting_support,general_support|porting_transfer|generalist,none_flagged,medium,0.1359,goodhart_baseline,0.7227,0.8316,0.1653,535.82,0.6742,0.118,0.0388,0.8435,0.2984,1.0,0.1756,0.2675,0.2489,0.0813
REP00222,Courtney,Clark,Courtney Clark,NovaWireless,General Support,Call Center,Customer Service Representative,False,34,34,senior,general_support,billing_resolution,general_support,billing_support,general_support|billing_resolution|generalist,none_flagged,medium,0.1359,goodhart_baseline,0.5967,0.7935,0.1459,547.1,0.7831,0.0186,0.0997,0.7144,0.388,0.7896,0.5215,0.3588,0.3377,0.0317
REP00223,Jordan,Moore,Jordan Moore,NovaWireless,General Support,Call Center,Customer Service Representative,False,25,25,senior,fraud_unwanted_calls,network_service,fraud_unwanted_calls,tech_support,fraud_unwanted_calls|network_service|generalist,none_flagged,medium,0.1359,goodhart_baseline,0.5965,0.7272,0.2374,567.49,0.6689,0.1022,0.0943,0.662,0.4749,0.9251,0.5617,0.4483,0.379,0.1521
REP00224,Alexa,Allen,Alexa Allen,NovaWireless,General Support,Call Center,Customer Service Representative,False,20,20,senior,billing_resolution,device_support,billing_support,device_support,billing_resolution|device_support|generalist,none_flagged,medium,0.1359,goodhart_baseline,0.6073,0.7039,0.2148,547.28,0.6654,0.0631,0.1113,0.6782,0.3415,0.8657,0.2874,0.3288,0.2868,0.1081
REP00225,Ashton,Kim,Ashton Kim,NovaWireless,General Support,Call Center,Customer Service Representative,False,2,2,new,network_service,fraud_unwanted_calls,tech_support,fraud_unwanted_calls,network_service|fraud_unwanted_calls|generalist,misinformation_risk,medium,0.1359,goodhart_baseline,0.7292,0.8679,0.1382,545.75,0.5453,0.1135,0.1844,0.7262,0.4982,0.8754,0.7138,0.2921,0.2805,0.311
REP00226,Adam,Kim,Adam Kim,NovaWireless,General Support,Call Center,Customer Service Representative,False,100,100,senior,billing_resolution,fraud_unwanted_calls,billing_support,fraud_unwanted_calls,billing_resolution|fraud_unwanted_calls|generalist,none_flagged,medium,0.1359,goodhart_baseline,0.5935,0.6973,0.2255,552.67,0.6704,0.0367,0.1043,0.6716,0.4103,0.9841,0.4335,0.3044,0.3002,0.0603
REP00227,Lily,Rivera,Lily Rivera,NovaWireless,General Support,Call Center,Customer Service Representative,False,28,28,senior,network_service,billing_resolution,tech_support,billing_support,network_service|billing_resolution|generalist,none_flagged,medium,0.1359,goodhart_baseline,0.7221,0.7402,0.2406,518.17,0.7016,0.0587,0.0792,0.724,0.4358,0.9038,0.5081,0.3272,0.3312,0.1861
REP00228,Dylan,Young,Dylan Young,NovaWireless,General Support,Call Center,Customer Service Representative,False,5,5,new,network_service,device_support,tech_support,device_support,network_service|device_support|generalist,misinformation_risk,medium,0.1359,goodhart_baseline,0.7016,0.7697,0.1937,558.46,0.6893,0.0597,0.0998,0.7403,0.3537,0.8399,0.7062,0.2484,0.2151,0.3774
REP00229,Joseph,Martin,Joseph Martin,NovaWireless,General Support,Call Center,Customer Service Representative,False,34,34,senior,fraud_unwanted_calls,device_support,fraud_unwanted_calls,device_support,fraud_unwanted_calls|device_support|generalist,none_flagged,medium,0.1359,goodhart_baseline,0.6693,0.7306,0.2932,543.08,0.7137,0.0275,0.0514,0.7418,0.4496,0.9332,0.6128,0.3013,0.3439,0.0613
REP00230,Nora,Brown,Nora Brown,NovaWireless,General Support,Call Center,Customer Service Representative,False,38,38,senior,fraud_unwanted_calls,billing_resolution,fraud_unwanted_calls,billing_support,fraud_unwanted_calls|billing_resolution|generalist,none_flagged,medium,0.1359,goodhart_baseline,0.6352,0.6298,0.3389,527.4,0.6534,0.072,0.1316,0.6067,0.3984,0.9477,0.4702,0.2148,0.2138,0.0902
REP00231,Sebastian,Thompson,Sebastian Thompson,NovaWireless,General Support,Call Center,Customer Service Representative,False,55,55,senior,general_support,fraud_unwanted_calls,general_support,fraud_unwanted_calls,general_support|fraud_unwanted_calls|generalist,none_flagged,medium,0.1359,goodhart_baseline,0.591,0.656,0.2881,542.7,0.6959,0.1096,0.1493,0.633,0.4869,0.8851,0.6134,0.3298,0.3324,0.0526
REP00232,Jordan,Cruz,Jordan Cruz,NovaWireless,General Support,Call Center,Customer Service Representative,False,30,30,senior,billing_resolution,fraud_unwanted_calls,billing_support,fraud_unwanted_calls,billing_resolution|fraud_unwanted_calls|generalist,none_flagged,medium,0.1359,goodhart_baseline,0.6741,0.7643,0.2886,503.73,0.8111,0.01,0.1166,0.7382,0.2458,1.0,0.3974,0.2397,0.2274,0.0866
REP00233,Aaron,Khan,Aaron Khan,NovaWireless,General Support,Call Center,Customer Service Representative,False,24,24,senior,network_service,porting_transfer,tech_support,porting_support,network_service|porting_transfer|generalist,none_flagged,medium,0.1359,goodhart_baseline,0.6566,0.7362,0.2136,532.7,0.7055,0.1221,0.0406,0.6021,0.4683,0.814,0.4174,0.316,0.3294,0.0886
REP00234,Claire,Adams,Claire Adams,NovaWireless,General Support,Call Center,Customer Service Representative,False,30,30,senior,porting_transfer,general_support,porting_support,general_support,porting_transfer|general_support|generalist,none_flagged,medium,0.1359,goodhart_baseline,0.5659,0.611,0.3092,503.28,0.6785,0.0878,0.1264,0.5105,0.4691,0.974,0.4894,0.3945,0.427,0.1486
REP00235,Charlotte,Mitchell,Charlotte Mitchell,NovaWireless,General Support,Call Center,Customer Service Representative,False,40,40,senior,porting_transfer,fraud_unwanted_calls,porting_support,fraud_unwanted_calls,porting_transfer|fraud_unwanted_calls|generalist,none_flagged,medium,0.1359,goodhart_baseline,0.6446,0.688,0.2929,532.24,0.6319,0.0646,0.0807,0.6369,0.4201,1.0,0.5706,0.2175,0.2322,0.0553
REP00236,Michelle,Martinez,Michelle Martinez,NovaWireless,General Support,Call Center,Customer Service Representative,False,45,45,senior,device_support,billing_resolution,device_support,billing_support,device_support|billing_resolution|generalist,none_flagged,medium,0.1359,goodhart_baseline,0.5199,0.6799,0.2263,600.66,0.6426,0.121,0.0394,0.5293,0.5734,0.7742,0.5974,0.3167,0.2736,0.0615
REP00237,Owen,Hernandez,Owen Hernandez,NovaWireless,General Support,Call Center,Customer Service Representative,False,114,114,senior,billing_resolution,device_support,billing_support,device_support,billing_resolution|device_support|generalist,none_flagged,medium,0.1359,goodhart_baseline,0.6409,0.7469,0.215,526.25,0.6678,0.097,0.1506,0.7429,0.3997,0.8881,0.4882,0.1997,0.2542,0.03
REP00238,Hazel,Watson,Hazel Watson,NovaWireless,General Support,Call Center,Customer Service Representative,False,41,41,senior,fraud_unwanted_calls,billing_resolution,fraud_unwanted_calls,billing_support,fraud_unwanted_calls|billing_resolution|generalist,none_flagged,medium,0.1359,goodhart_baseline,0.6646,0.7363,0.2342,531.18,0.7013,0.0162,0.0592,0.6565,0.4024,0.9056,0.5859,0.3217,0.3392,0.1367
REP00239,Isabella,Morgan,Isabella Morgan,NovaWireless,General Support,Call Center,Customer Service Representative,False,40,40,senior,billing_resolution,general_support,billing_support,general_support,billing_resolution|general_support|generalist,none_flagged,medium,0.1359,goodhart_baseline,0.6467,0.682,0.2836,532.76,0.6738,0.0556,0.0773,0.6248,0.413,0.9875,0.3901,0.4132,0.3898,0.0656
REP00240,Ariana,Wright,Ariana Wright,NovaWireless,General Support,Call Center,Customer Service Representative,False,3,3,new,network_service,fraud_unwanted_calls,tech_support,fraud_unwanted_calls,network_service|fraud_unwanted_calls|generalist,misinformation_risk,medium,0.1359,goodhart_baseline,0.6069,0.6782,0.2859,552.39,0.6761,0.1229,0.0736,0.5922,0.4159,0.9928,0.4471,0.397,0.4311,0.404
REP00241,Elena,Watson,Elena Watson,NovaWireless,General Support,Call Center,Customer Service Representative,False,33,33,senior,billing_resolution,porting_transfer,billing_support,porting_support,billing_resolution|porting_transfer|generalist,none_flagged,medium,0.1359,goodhart_baseline,0.7397,0.754,0.1619,500.43,0.7817,0.1002,0.0631,0.7293,0.3523,0.8755,0.4831,0.2222,0.2456,0.0096
REP00242,Elena,Gupta,Elena Gupta,NovaWireless,General Support,Call Center,Customer Service Representative,False,27,27,senior,fraud_unwanted_calls,general_support,fraud_unwanted_calls,general_support,fraud_unwanted_calls|general_support|generalist,none_flagged,medium,0.1359,goodhart_baseline,0.6024,0.6688,0.3508,530.06,0.7146,0.0488,0.1283,0.6473,0.5158,0.7105,0.4583,0.4598,0.4999,0.1774
REP00243,David,Harris,David Harris,NovaWireless,General Support,Call Center,Customer Service Representative,False,9,9,mid,billing_resolution,fraud_unwanted_calls,billing_support,fraud_unwanted_calls,billing_resolution|fraud_unwanted_calls|generalist,misinformation_risk,medium,0.1359,goodhart_baseline,0.6775,0.6442,0.2792,548.44,0.6811,0.0762,0.0605,0.6318,0.4086,1.0,0.4522,0.3302,0.3641,0.2551
REP00244,Elizabeth,Bell,Elizabeth Bell,NovaWireless,General Support,Call Center,Customer Service Representative,False,5,5,new,general_support,network_service,general_support,tech_support,general_support|network_service|generalist,misinformation_risk,medium,0.1359,goodhart_baseline,0.5489,0.758,0.2234,539.99,0.635,0.1146,0.1129,0.6494,0.4371,0.8274,0.3636,0.2283,0.2085,0.4147
REP00245,Caleb,Murphy,Caleb Murphy,NovaWireless,General Support,Call Center,Customer Service Representative,False,14,14,mid,fraud_unwanted_calls,device_support,fraud_unwanted_calls,device_support,fraud_unwanted_calls|device_support|generalist,none_flagged,medium,0.1359,goodhart_baseline,0.4861,0.6484,0.1913,526.12,0.7517,0.074,0.123,0.6201,0.3436,1.0,0.5437,0.2478,0.1993,0.2316
REP00246,Zoe,Gray,Zoe Gray,NovaWireless,General Support,Call Center,Customer Service Representative,False,38,38,senior,device_support,general_support,device_support,general_support,device_support|general_support|generalist,none_flagged,medium,0.1359,goodhart_baseline,0.7107,0.7384,0.104,556.1,0.7506,0.0852,0.1009,0.6805,0.4112,0.8996,0.1996,0.3729,0.3897,0.0866
REP00247,Thomas,Green,Thomas Green,NovaWireless,General Support,Call Center,Customer Service Representative,False,29,29,senior,billing_resolution,fraud_unwanted_calls,billing_support,fraud_unwanted_calls,billing_resolution|fraud_unwanted_calls|generalist,none_flagged,medium,0.1359,goodhart_baseline,0.6807,0.6603,0.304,536.35,0.7387,0.01,0.1061,0.6457,0.304,1.0,0.1745,0.1701,0.1835,0.0564
REP00248,Jake,Clark,Jake Clark,NovaWireless,General Support,Call Center,Customer Service Representative,False,121,121,senior,billing_resolution,fraud_unwanted_calls,billing_support,fraud_unwanted_calls,billing_resolution|fraud_unwanted_calls|generalist,none_flagged,medium,0.1359,goodhart_baseline,0.6958,0.6462,0.2951,527.67,0.6847,0.01,0.1076,0.6554,0.5549,0.809,0.4971,0.3265,0.3187,0.0863
REP00249,Brittany,Lee,Brittany Lee,NovaWireless,General Support,Call Center,Customer Service Representative,False,88,88,senior,billing_resolution,porting_transfer,billing_support,porting_support,billing_resolution|porting_transfer|generalist,none_flagged,medium,0.1359,goodhart_baseline,0.5801,0.6484,0.2363,506.05,0.7456,0.0628,0.0905,0.7176,0.3938,0.9881,0.2276,0.3271,0.3683,0.1114
REP00250,Adam,Smith,Adam Smith,NovaWireless,General Support,Call Center,Customer Service Representative,False,38,38,senior,fraud_unwanted_calls,general_support,fraud_unwanted_calls,general_support,fraud_unwanted_calls|general_support|generalist,none_flagged,medium,0.1359,goodhart_baseline,0.6535,0.7652,0.1903,533.54,0.7044,0.0592,0.0241,0.6632,0.4086,0.9311,0.3888,0.344,0.3309,0.1223
